marital_duration,Women_empowerment_status,husband_education_level,T_No_of_Children,F_marriage_decision,current_pregnancy_wanted,women_afraid_of_husband,region,women_education,working_status_women,no_HH_member,age_diffrence,attitude_to_wife_beating,violence_history,no_other_wives,residence,Respondent_owns_house,media_exposure,women_decides_her_health_care,wealth_index,ClassLabel
94,1,3,0,1,41,4,2,2,19479,7,0,1,1102,8,11,1,3,2,2,2
61,0,2,1,8,49,7,1,1,24907,6,3,4,279,1,23,3,4,1,3,1
92,1,2,0,2,37,0,2,2,2396,2,3,2,1373,6,15,3,3,2,4,0
56,1,2,0,3,33,7,1,4,23159,6,3,3,1392,1,11,3,3,1,4,2
40,0,2,1,2,27,2,1,1,16632,2,3,4,591,9,12,3,3,2,1,0
79,0,2,0,2,32,7,2,2,11864,2,2,3,1005,0,13,2,3,1,4,1
81,1,2,3,3,59,0,1,3,9964,2,3,1,1324,4,20,2,4,2,3,1
67,0,2,1,24,30,0,0,1,13335,2,2,2,1358,1,22,3,4,2,4,0
44,0,2,0,23,38,7,2,3,8787,4,2,2,216,0,21,3,4,1,4,2
94,0,2,2,27,36,7,1,3,16577,1,3,2,1299,6,13,2,3,2,3,1
84,0,2,1,16,35,4,1,3,16479,2,5,3,809,0,13,3,3,2,1,1
49,1,2,0,15,29,5,2,2,12682,2,3,4,153,0,12,3,3,2,4,2
31,0,2,1,26,31,2,0,1,15170,6,1,4,670,1,17,2,3,2,1,2
93,0,2,1,19,34,2,0,2,8758,2,2,3,1346,0,11,3,3,2,2,1
50,1,2,0,24,28,2,2,3,12947,2,4,2,103,5,14,3,3,2,3,2
51,0,2,1,21,29,9,0,4,10195,4,1,3,1389,1,11,3,3,2,2,2
80,1,2,2,5,32,2,0,2,15053,6,5,4,334,0,12,2,3,2,1,0
96,1,2,2,16,22,0,0,2,7324,2,2,2,1123,1,13,2,3,0,4,0
78,0,3,0,2,53,8,1,4,22021,3,3,3,1219,2,16,3,3,2,1,0
45,1,2,0,2,38,2,2,3,4306,6,3,3,371,5,11,3,3,2,4,2
96,0,2,1,11,24,2,0,2,8232,4,5,4,673,0,18,2,3,0,1,1
82,0,3,0,9,36,3,2,4,6986,8,4,2,1218,7,23,3,4,2,3,0
53,0,2,0,7,34,6,2,4,21293,5,4,3,419,0,11,3,3,2,1,0
96,0,2,0,15,21,0,2,2,19281,6,6,4,391,1,14,3,3,2,3,1
83,0,2,0,6,34,2,2,1,17102,6,2,3,699,2,11,3,3,2,2,1
58,0,2,1,5,53,13,0,3,10735,3,3,4,1282,4,11,2,3,2,3,1
72,1,2,0,16,32,2,2,1,4681,6,5,2,1125,1,22,3,4,1,2,2
48,0,3,1,8,42,7,1,4,21173,7,2,4,691,0,11,3,3,2,3,0
42,0,2,1,7,44,6,1,4,2094,0,4,4,477,3,14,3,3,2,1,0
83,0,3,0,2,46,2,2,4,22822,3,2,4,705,3,12,2,3,2,2,1
78,0,2,0,2,33,1,2,3,6670,2,3,4,924,4,11,3,3,2,3,1
41,1,2,0,10,44,2,1,4,19121,0,5,4,1459,2,13,4,3,2,4,2
83,0,2,0,9,30,0,2,2,16117,2,5,1,125,1,13,3,3,2,4,1
56,0,3,1,5,39,0,1,3,3335,8,6,3,895,3,14,4,3,2,4,0
61,1,2,1,1,24,0,1,3,3020,6,2,1,813,2,16,2,3,2,2,2
72,0,2,2,2,43,3,0,2,21923,6,3,4,1273,1,12,2,3,2,4,1
86,1,3,0,3,50,2,1,2,3810,8,2,3,869,1,14,3,3,2,1,2
97,0,3,0,2,35,2,1,3,9687,8,3,1,890,1,13,3,3,2,4,1
82,1,2,1,5,36,1,1,4,13072,6,3,4,852,9,14,4,3,2,2,0
42,0,3,2,1,33,3,1,3,3193,7,3,1,1141,2,19,3,3,1,3,0
75,0,2,1,4,35,0,0,2,10910,2,3,3,464,1,12,3,3,2,3,1
33,0,2,1,2,27,0,0,4,19715,2,6,4,1240,1,13,3,3,2,4,0
48,0,2,0,25,26,0,2,3,10558,2,2,3,1357,1,12,2,3,2,1,2
37,0,3,0,8,27,8,2,3,2975,7,0,4,994,1,15,3,3,1,4,2
58,0,2,0,1,30,8,2,2,10781,2,2,4,721,1,23,3,4,1,3,0
49,0,2,0,12,41,15,1,3,16280,5,0,4,1360,1,12,3,3,2,2,2
72,0,3,0,23,34,5,2,4,10034,7,2,3,1065,0,20,3,4,0,2,2
73,0,2,0,19,37,0,1,2,10227,6,1,1,408,4,21,3,4,2,2,0
98,1,3,0,5,46,6,2,4,20445,7,4,3,1211,4,21,3,4,1,1,2
36,0,2,0,8,35,0,1,1,4892,2,2,4,1229,1,19,3,3,2,4,0
98,1,2,0,1,48,0,2,2,19294,2,2,4,626,9,13,3,3,2,1,0
50,1,2,0,5,28,2,2,4,11179,2,3,3,1434,1,13,2,3,2,3,2
75,1,3,1,1,44,3,0,5,4009,7,2,3,1488,5,21,2,4,2,2,2
79,1,2,1,11,35,0,1,2,8302,0,3,3,1097,2,13,3,3,0,3,2
47,1,3,1,23,26,2,1,3,21436,7,2,3,1443,7,19,2,3,2,3,2
98,1,2,0,1,33,14,2,2,15146,5,1,3,515,1,12,3,3,1,1,0
71,0,3,1,18,35,8,1,5,11031,7,3,4,853,1,22,2,4,1,2,0
30,1,2,1,23,35,2,1,4,16002,2,3,3,1142,3,15,3,3,2,3,2
48,0,2,1,7,31,7,0,4,9528,2,3,4,655,3,22,2,4,2,4,0
51,0,2,1,1,37,5,0,4,2689,4,2,3,1115,1,18,4,3,2,1,1
33,1,2,1,1,32,8,1,3,10877,4,3,2,427,1,22,3,4,2,1,2
50,0,2,0,29,38,3,2,5,5456,2,2,4,653,1,11,3,3,1,4,2
43,1,2,1,7,50,3,0,2,16701,5,2,4,989,5,12,2,3,2,2,2
99,0,3,0,25,59,16,2,3,2354,7,3,4,1435,7,11,2,3,2,1,2
59,0,2,3,8,36,14,0,3,8202,0,2,2,1223,1,13,3,3,2,3,1
33,1,2,3,8,55,0,0,3,19730,3,2,3,836,2,14,3,3,2,4,0
95,0,2,0,11,36,5,2,3,22656,4,3,3,1195,1,13,3,3,1,2,1
59,0,2,1,7,45,0,0,3,18787,6,2,3,1339,2,17,3,3,2,2,1
79,0,2,1,1,35,2,1,3,5868,6,2,4,664,4,13,2,3,1,2,1
79,1,2,1,9,36,0,1,3,21777,6,0,1,318,0,17,2,3,2,4,0
57,0,3,0,1,59,3,2,1,24668,7,2,4,1225,7,11,2,3,1,1,0
76,0,2,1,2,29,4,1,3,4956,6,3,4,1328,0,23,3,4,2,3,1
87,0,2,0,1,31,1,2,4,18775,6,4,2,1082,1,17,3,3,2,3,1
66,0,2,2,1,32,4,1,3,7346,6,3,2,548,1,17,3,3,2,2,1
55,0,2,0,6,36,0,1,3,22002,2,3,2,132,3,12,3,3,2,2,0
61,0,2,0,8,31,7,2,4,20682,4,2,4,746,1,23,3,4,2,3,0
32,0,3,0,1,35,13,2,4,23016,7,2,2,776,0,14,3,3,2,3,2
52,1,2,0,6,45,0,1,4,15067,5,3,2,193,4,14,4,3,2,4,2
30,0,2,0,7,37,2,2,4,25258,5,3,1,397,4,13,4,3,2,1,0
80,1,1,1,5,46,2,0,2,10425,1,2,4,945,8,22,3,4,2,2,2
55,1,2,2,1,30,8,1,1,15998,2,1,3,852,1,12,2,3,2,4,2
30,0,2,0,1,35,4,2,3,26278,6,3,1,1214,1,18,3,3,2,2,2
70,0,3,1,1,55,0,1,2,18092,7,4,4,111,3,14,3,3,2,1,1
79,1,2,3,6,38,11,0,3,15717,6,3,4,573,7,12,3,3,0,2,1
94,0,2,0,1,34,2,1,2,17736,4,2,3,1153,1,15,3,3,2,1,1
49,0,2,0,7,56,4,2,3,21698,4,3,1,1400,4,11,2,3,2,4,0
62,0,3,1,2,23,0,0,1,9518,8,3,3,541,3,13,3,3,2,3,0
96,0,2,2,9,51,2,1,4,18725,2,4,2,432,3,23,3,4,2,4,1
99,0,2,3,2,30,10,1,3,15830,0,3,1,288,1,19,3,3,2,3,1
64,0,3,0,9,46,8,2,2,13596,7,3,4,669,1,16,3,3,2,3,0
78,0,2,1,1,40,3,1,4,14115,0,3,4,530,1,22,2,4,1,3,1
71,1,3,0,21,51,7,2,4,8423,7,2,4,632,0,22,1,4,2,3,2
63,1,3,3,4,30,8,0,2,19760,7,4,2,1334,1,12,2,3,2,3,2
40,1,2,1,1,46,9,1,3,3142,0,5,3,638,2,13,2,3,1,3,2
87,0,3,0,6,32,8,2,4,24301,7,0,1,1093,1,16,3,3,2,2,0
60,0,2,1,2,54,3,1,4,24001,5,5,1,1217,9,12,1,3,2,1,1
33,0,3,1,3,24,2,1,2,17519,7,2,1,1353,0,21,2,4,2,1,0
43,0,3,0,4,28,4,1,3,8863,7,3,2,120,1,15,4,3,0,2,2
37,0,3,0,10,58,10,2,4,24409,7,1,3,682,0,13,2,3,2,4,2
67,0,2,1,23,44,2,1,3,25043,2,3,3,489,4,12,4,3,0,2,0
63,1,1,0,6,37,2,0,4,23648,1,3,4,807,4,22,3,4,2,3,2
71,0,2,0,1,32,0,2,1,15178,6,2,4,827,1,13,3,3,2,4,1
66,1,2,0,6,20,0,2,3,19783,2,5,2,871,1,18,3,3,1,4,2
41,0,2,0,6,34,13,2,4,12482,6,3,3,665,1,14,3,3,2,1,0
100,0,2,1,2,37,0,0,2,15850,0,2,4,1040,5,14,4,3,0,3,1
32,0,1,1,2,59,2,1,4,21922,3,3,4,1420,9,21,3,4,0,3,0
73,1,2,0,1,50,3,1,3,9755,5,1,1,1115,3,19,2,3,1,1,0
46,1,3,0,5,25,4,2,3,26959,7,1,4,240,1,11,3,3,2,3,2
64,0,2,2,7,25,2,1,1,26897,6,2,3,1280,1,11,3,3,2,4,1
59,0,2,0,15,22,0,2,3,23785,2,5,3,534,1,15,3,3,2,2,2
30,0,2,0,1,51,12,2,4,25796,0,1,3,1456,3,20,2,4,1,1,0
66,1,2,0,7,34,7,2,3,22887,2,3,4,658,1,24,3,4,1,1,2
30,1,1,0,26,54,3,2,3,13871,3,3,3,142,2,12,3,3,0,4,2
52,0,2,1,18,24,3,1,1,13257,2,2,3,1127,0,12,3,3,2,2,0
45,0,2,1,6,34,0,0,4,15000,6,3,3,1031,6,15,3,3,2,3,0
87,0,3,0,3,37,3,2,3,14506,7,3,1,1189,2,12,3,3,2,3,0
45,0,2,0,5,34,10,2,3,5615,3,6,4,1354,2,12,3,3,2,3,0
92,0,3,1,11,36,7,1,2,22952,7,6,3,1467,0,14,3,3,1,2,0
39,0,2,1,3,36,0,0,2,2561,2,2,1,922,5,22,3,4,2,1,0
92,1,3,2,26,43,12,1,2,19494,3,3,4,394,1,12,4,3,1,3,2
96,0,2,3,23,30,7,0,3,22310,6,2,3,1312,1,25,2,4,1,1,1
95,0,3,1,22,33,7,1,2,15480,7,2,1,750,0,13,4,3,0,3,0
72,1,2,3,14,56,4,1,4,4510,6,2,1,441,9,18,3,3,2,2,0
51,0,2,0,6,51,18,2,3,6462,5,5,3,684,7,13,3,3,2,1,0
76,1,3,0,6,31,7,1,4,20739,7,3,2,249,4,18,2,3,2,2,2
46,0,2,0,6,26,4,1,3,23300,6,3,3,841,1,19,2,3,2,3,0
94,0,2,1,23,58,10,1,4,3465,0,3,4,147,1,12,2,3,2,4,1
50,1,3,0,22,19,0,2,1,26820,8,2,4,528,1,19,2,3,2,4,2
100,0,2,1,2,22,1,1,1,19299,2,2,3,594,0,14,3,3,2,3,1
96,0,2,0,20,49,11,1,4,5549,4,2,3,470,1,14,2,3,2,3,0
72,0,2,0,28,43,2,2,3,16090,6,2,4,957,4,12,3,3,1,2,2
77,0,3,0,12,50,2,2,3,6645,7,3,4,809,4,11,3,3,1,3,0
71,1,3,1,20,31,2,1,3,24788,7,2,3,542,3,11,3,3,2,2,2
96,1,3,1,9,41,7,0,1,21196,7,2,3,802,3,13,3,3,2,3,2
61,0,1,1,25,26,7,1,1,8916,1,3,4,1355,1,23,3,4,2,3,2
84,0,2,2,6,36,2,0,2,2819,4,0,4,216,6,20,3,4,2,2,1
53,0,2,0,8,51,2,2,4,25150,4,2,4,1150,2,15,3,3,1,1,1
47,0,3,1,4,39,11,1,4,14590,7,1,3,1329,4,14,4,3,2,4,0
41,0,3,0,28,25,2,1,3,24835,7,3,4,959,2,18,3,3,2,1,2
48,1,1,0,9,30,9,1,3,13982,1,2,4,1240,0,19,1,3,2,3,2
41,0,2,0,9,32,4,2,3,10224,2,2,1,1033,7,22,4,4,2,1,0
83,0,2,0,29,45,5,2,3,9752,6,2,2,1316,5,13,2,3,2,3,0
32,1,2,0,3,38,2,2,5,2302,6,2,2,364,3,20,3,4,2,4,2
75,0,2,0,18,30,4,2,3,23910,6,4,3,438,1,14,2,3,2,1,0
35,0,3,3,9,32,7,0,2,22812,7,2,4,689,0,17,4,3,1,4,1
84,0,2,1,5,30,2,0,3,10415,6,3,4,201,5,14,3,3,2,4,1
35,0,2,0,2,30,3,2,1,11162,2,3,4,1427,0,13,3,3,2,2,0
91,0,2,1,10,41,6,0,3,12888,3,2,2,857,4,13,2,3,1,4,1
94,0,2,1,9,41,0,1,4,6961,2,2,4,933,2,21,3,4,2,3,1
79,0,2,0,3,19,0,2,1,16102,2,3,4,1181,1,14,3,3,2,2,1
54,0,2,1,26,40,7,0,3,8504,6,2,1,1395,1,11,3,3,1,2,2
94,0,3,2,1,35,8,1,5,11439,7,3,1,662,1,13,3,3,2,3,1
34,1,3,1,6,53,7,1,2,16047,8,3,4,1436,2,20,1,4,2,2,2
60,0,2,1,9,45,9,0,3,10901,2,2,3,194,8,18,1,3,2,2,1
43,0,3,0,8,32,8,2,3,15589,7,2,4,967,1,14,3,3,1,2,2
41,0,2,1,1,29,7,1,1,26283,4,1,1,1496,1,13,3,3,0,4,0
34,0,2,0,7,51,0,1,4,13983,4,2,3,1169,2,17,3,3,2,2,0
75,1,2,1,9,58,0,1,3,11873,6,3,2,1145,4,20,2,4,2,2,0
67,0,3,1,4,40,11,1,4,8552,7,2,1,630,7,11,2,3,2,3,0
75,0,3,1,2,34,3,1,4,11314,8,3,4,303,6,18,3,3,1,3,1
80,0,2,2,19,22,2,1,1,11992,6,6,1,1256,1,24,3,4,2,3,1
57,0,2,1,9,27,2,0,3,5970,6,1,4,691,6,18,1,3,0,4,1
42,0,2,1,21,28,2,1,3,6672,6,2,3,440,1,11,1,3,2,3,2
83,1,2,1,24,57,3,0,2,23402,0,2,2,334,3,16,1,3,2,3,2
79,1,2,1,3,27,1,0,3,25326,6,2,4,1450,1,15,2,3,0,3,0
53,0,2,0,11,50,4,2,3,17053,3,5,2,1452,3,15,3,3,2,3,0
56,0,2,1,14,41,8,0,3,4609,6,2,1,465,4,12,3,3,2,1,0
41,0,3,1,5,30,9,1,3,8053,7,2,3,1339,2,12,3,3,2,2,0
59,0,3,0,1,38,3,2,4,12930,7,2,3,702,4,22,4,4,2,1,0
43,0,2,0,6,32,4,2,5,12430,6,2,1,120,3,20,3,4,2,3,0
51,1,2,1,17,27,2,1,3,13364,6,3,4,1157,0,16,2,3,2,3,2
100,0,3,0,1,19,0,2,1,20989,8,5,1,602,0,21,4,4,1,3,1
30,0,2,0,3,36,7,2,2,15062,2,3,3,1480,4,12,2,3,1,4,2
66,0,2,2,9,30,9,0,3,11012,2,4,3,111,1,11,3,3,0,3,1
30,1,3,1,4,45,4,0,2,6319,7,3,1,1268,4,11,4,3,2,3,2
67,1,2,1,8,56,2,0,3,13939,6,3,3,713,4,18,3,3,2,3,0
90,0,2,0,2,33,1,2,3,10515,6,2,1,134,0,14,4,3,2,3,1
47,0,2,0,2,19,0,2,3,9241,2,3,3,303,1,22,2,4,2,2,0
92,0,3,3,1,46,13,0,2,2137,7,2,3,526,1,25,3,4,2,2,1
75,0,2,0,9,38,2,2,2,6319,2,3,3,1380,1,12,3,3,2,3,1
95,1,2,1,12,31,2,1,1,6984,6,0,3,140,8,23,3,4,2,3,0
95,0,2,0,27,34,2,2,2,5711,6,3,4,629,2,15,3,3,2,4,0
70,1,3,0,20,41,3,2,2,21728,8,5,4,1356,1,22,2,4,2,2,2
86,0,2,1,1,50,2,1,3,3425,2,2,4,328,2,15,2,3,2,3,1
57,0,2,2,13,53,2,0,2,26250,4,3,3,1084,1,11,3,3,2,4,1
72,0,2,1,14,33,7,1,3,4673,6,5,4,931,1,13,3,3,2,4,0
46,0,2,1,4,40,8,1,1,6499,3,2,2,989,1,14,3,3,2,4,0
61,0,2,0,14,55,15,2,4,13339,5,3,4,692,8,11,3,3,2,3,0
45,0,2,0,2,34,9,1,1,14074,4,2,3,1069,1,17,2,3,1,4,0
98,0,2,0,3,51,7,2,3,7192,0,6,3,313,3,18,3,3,2,4,1
65,0,2,1,1,52,18,1,4,5678,3,5,1,699,0,14,3,3,2,3,1
99,0,2,0,9,27,7,2,3,11781,6,2,4,894,1,16,2,3,2,4,1
50,1,2,0,23,35,0,1,2,15497,4,1,1,556,3,13,3,3,2,2,2
37,0,2,3,7,43,4,0,3,5228,6,3,4,1344,4,14,4,3,0,4,1
65,0,2,1,2,45,8,1,2,20462,3,1,4,1195,9,23,3,4,0,1,1
65,1,2,1,21,37,7,1,3,22977,6,3,1,290,1,12,2,3,2,2,2
37,0,2,0,2,35,2,2,3,15986,2,5,4,138,5,11,3,3,1,2,0
36,0,2,1,21,42,3,0,2,16439,4,5,2,926,2,16,3,3,0,3,2
88,0,2,0,2,38,0,1,4,7259,4,3,2,1261,9,14,3,3,2,4,1
54,0,2,1,29,38,7,1,3,4185,4,3,1,1084,3,18,1,3,2,4,2
60,0,2,1,1,27,2,1,1,9679,4,1,3,472,5,19,3,3,1,3,1
92,1,2,2,18,49,7,0,4,23793,4,0,1,1002,1,15,3,3,0,4,0
43,1,2,1,10,34,3,0,4,5972,6,4,4,878,1,17,4,3,1,4,2
99,1,2,1,19,40,2,1,2,16523,2,2,3,905,8,15,4,3,2,3,0
70,1,2,0,29,38,0,1,1,11354,0,2,2,1180,7,19,3,3,2,2,2
35,0,3,3,27,29,4,1,3,24525,7,3,4,121,1,22,2,4,2,2,0
60,1,2,1,5,22,2,0,3,12392,6,2,1,1136,1,16,2,3,2,4,2
73,0,2,0,18,36,1,2,1,7703,2,2,1,635,1,13,3,3,1,2,0
63,0,2,1,9,40,2,1,5,14242,0,5,4,1151,9,14,1,3,0,4,1
97,0,2,1,1,46,2,0,4,12368,0,3,3,644,7,16,3,3,2,4,1
32,0,3,0,4,32,8,1,4,25812,7,2,3,1045,1,11,2,3,2,4,2
88,0,2,0,1,30,8,2,1,20925,4,2,3,829,1,22,3,4,0,3,1
90,0,3,0,20,27,7,2,3,12916,7,2,4,1242,1,14,3,3,1,4,2
81,0,2,2,8,51,9,1,4,15736,5,5,4,1469,5,16,1,3,2,2,1
88,1,2,0,3,30,2,2,3,8556,6,5,3,1005,5,11,3,3,2,4,0
75,1,3,0,6,41,0,2,3,14674,3,3,3,896,3,18,3,3,2,4,2
52,0,3,0,26,30,3,2,4,22967,7,5,3,334,5,15,2,3,1,3,2
85,0,2,0,1,29,2,2,3,19757,6,1,4,992,0,14,2,3,2,3,1
57,0,3,0,6,45,7,2,3,16840,7,2,4,1052,6,12,3,3,0,4,0
52,0,3,1,3,54,2,1,3,17011,7,4,4,1147,2,14,3,3,2,4,0
62,0,2,0,5,36,11,2,2,9945,2,3,4,1396,8,16,4,3,2,4,0
47,0,2,0,4,33,2,1,4,13248,6,3,4,147,6,21,3,4,2,3,0
47,1,2,3,11,37,8,0,3,10056,5,1,3,663,1,14,3,3,1,2,2
76,0,3,2,3,38,10,0,3,9647,7,6,3,119,0,12,2,3,2,1,1
90,0,2,1,1,31,4,1,4,4381,4,2,4,979,0,12,3,3,0,3,1
70,0,2,1,3,59,0,1,3,8456,6,6,1,142,3,17,3,3,2,3,1
41,0,3,1,4,37,8,0,4,2539,8,2,3,319,4,17,3,3,1,1,0
42,0,3,1,1,29,10,1,1,6599,7,5,4,1413,1,14,3,3,1,2,0
92,0,3,0,1,35,7,2,3,9096,7,3,1,944,1,14,4,3,1,3,0
86,1,2,0,18,29,3,2,1,14961,6,3,3,896,1,13,2,3,2,3,2
89,0,2,0,2,52,2,2,3,3300,2,3,2,1323,7,15,2,3,2,3,1
58,0,2,0,4,42,17,1,2,4933,3,3,4,532,1,11,3,3,2,3,0
52,0,1,0,6,59,2,1,2,25657,1,2,4,818,8,17,2,3,2,2,0
68,0,3,1,1,50,0,0,4,24118,3,3,3,854,3,11,2,3,2,4,1
58,1,2,1,14,33,4,1,3,22149,2,2,3,813,5,13,1,3,2,3,2
80,1,3,1,16,43,13,1,3,7744,3,3,3,1034,5,22,3,4,2,4,2
39,0,2,0,2,33,7,1,2,21509,2,3,1,465,7,20,4,4,2,1,0
79,1,3,0,2,52,7,2,4,21030,3,2,4,771,1,18,4,3,0,1,2
56,0,3,1,4,32,3,1,2,20990,8,5,1,1401,2,11,3,3,2,3,0
62,1,2,0,1,32,2,2,3,9571,2,2,4,515,0,14,1,3,2,4,2
96,0,2,3,1,39,2,0,4,15417,2,1,3,1431,7,14,3,3,2,3,1
100,0,3,0,26,32,2,1,4,12069,7,2,1,976,0,18,3,3,0,3,0
36,0,2,2,19,41,0,0,2,19877,6,2,1,1411,2,16,2,3,2,3,0
62,0,2,2,24,40,8,0,2,24447,6,3,1,1300,1,17,3,3,2,1,0
70,0,2,1,1,45,0,1,3,15970,3,2,3,252,0,11,3,3,2,3,1
73,0,2,1,3,31,2,0,4,13523,5,3,1,1327,9,12,3,3,1,2,1
63,0,2,1,5,33,2,1,4,14776,6,2,3,832,1,13,2,3,2,3,1
84,0,2,1,2,34,9,1,4,23687,4,3,2,470,6,13,3,3,2,4,1
83,0,2,1,1,37,1,1,2,18697,6,2,1,1017,2,14,2,3,2,3,1
77,0,2,1,7,45,2,1,4,5118,4,1,4,1199,4,17,3,3,1,1,1
61,0,2,2,10,37,0,0,3,22573,4,5,2,504,6,11,3,3,1,1,1
64,0,2,0,2,39,6,2,4,6420,0,1,4,505,0,25,3,4,1,3,1
60,0,2,0,15,29,5,2,3,22673,6,1,1,665,1,19,3,3,2,3,0
82,1,2,0,17,42,2,2,2,23016,6,1,3,916,3,13,3,3,2,4,2
45,0,3,1,20,29,2,0,2,10732,7,2,4,1247,2,14,3,3,2,4,2
62,0,2,2,1,25,2,1,3,7505,4,3,4,685,0,12,3,3,2,1,1
56,1,2,1,2,42,6,0,3,8007,2,4,3,269,0,11,3,3,2,4,2
49,0,2,1,2,40,7,0,2,5949,5,5,4,1416,0,19,3,3,2,1,0
96,0,2,0,1,51,0,1,3,23231,6,0,2,833,1,11,2,3,2,3,1
71,0,2,0,29,31,4,2,2,11652,2,2,2,307,0,11,4,3,1,3,2
100,0,2,0,7,32,1,1,3,26062,2,3,3,1311,1,20,1,4,1,2,1
39,0,3,1,2,38,7,1,2,19682,7,0,4,1327,3,18,3,3,0,4,0
84,0,2,0,2,32,2,2,1,19737,2,5,4,128,4,13,3,3,2,4,1
75,1,3,1,2,46,7,1,3,14977,3,2,2,488,3,12,2,3,2,3,2
79,0,2,0,2,28,0,2,4,14935,2,5,3,529,2,11,1,3,2,1,1
78,0,3,2,2,29,0,1,3,3687,7,2,2,1210,2,19,3,3,2,1,1
64,0,2,1,23,31,0,1,3,14408,0,2,2,1463,0,21,3,4,2,2,2
85,0,2,2,5,25,3,0,2,18384,0,2,4,675,1,12,3,3,0,2,1
79,1,2,0,20,45,7,1,2,7501,0,2,2,1385,0,14,3,3,2,3,2
47,0,2,1,6,36,13,1,3,20251,2,4,3,1403,0,11,3,3,2,4,0
81,1,2,0,1,55,10,2,3,18938,3,2,3,452,0,14,3,3,2,4,0
88,1,2,1,29,47,7,1,4,10268,3,2,4,666,1,12,2,3,0,1,2
94,0,2,1,9,28,2,1,3,2613,6,3,4,1158,1,23,2,4,2,4,1
98,0,3,1,6,37,4,1,4,22825,7,5,2,228,4,14,4,3,2,3,1
100,0,2,0,3,21,2,2,2,10531,6,4,1,996,1,17,4,3,2,4,1
80,1,2,2,1,37,2,0,4,11677,5,2,1,728,2,18,3,3,0,1,0
71,0,2,1,22,35,7,0,3,19100,3,6,2,1315,7,18,2,3,2,2,0
44,1,3,1,7,38,0,0,2,19191,7,3,3,322,1,24,3,4,2,1,2
84,0,2,1,1,26,5,0,3,26767,4,6,1,1479,1,20,1,4,1,3,1
96,0,2,2,4,50,4,0,1,15815,5,4,1,797,3,14,2,3,2,1,1
45,1,2,3,3,53,3,1,4,21016,5,5,4,1070,3,16,2,3,2,3,0
99,0,3,0,1,42,16,1,1,24532,7,3,3,635,1,25,3,4,2,2,0
44,0,3,0,2,29,7,2,2,20260,7,3,1,442,1,18,2,3,1,2,2
37,1,2,1,20,55,7,1,2,15972,2,4,4,147,3,19,3,3,2,2,2
60,1,2,1,11,26,3,1,2,22722,0,3,3,496,1,13,3,3,1,1,2
42,0,2,0,1,37,12,2,3,15881,6,3,2,1372,1,12,3,3,2,4,0
43,1,2,1,24,44,0,0,3,19920,2,0,4,920,3,22,1,4,1,4,2
82,0,2,1,23,38,2,0,4,18899,0,2,2,688,9,14,3,3,2,4,0
45,1,2,1,16,26,2,0,4,14180,2,2,4,1449,2,13,3,3,2,1,2
66,0,2,0,8,28,3,2,2,4488,6,3,4,1117,1,21,3,4,2,4,1
35,1,2,0,10,49,2,2,4,25594,5,4,4,636,9,11,3,3,1,3,2
30,0,2,0,3,36,0,2,3,26285,6,2,4,506,4,12,3,3,2,3,0
84,0,3,1,5,31,2,0,3,3909,8,5,3,444,1,11,2,3,1,4,1
48,1,3,0,4,26,7,2,4,8450,7,0,2,950,1,12,3,3,2,4,2
53,1,2,3,9,37,2,1,3,11411,6,3,3,889,1,12,2,3,1,2,0
77,0,3,1,26,42,4,1,3,14864,7,2,4,555,5,14,4,3,1,3,0
54,0,2,0,3,18,0,2,3,25233,2,2,3,230,1,13,3,3,2,3,0
96,0,3,2,16,35,9,1,3,5100,7,3,3,1232,0,15,2,3,2,3,1
81,0,2,2,18,36,0,1,4,7122,2,2,4,566,4,18,3,3,1,3,1
84,0,2,1,2,51,1,0,3,16321,4,3,4,1302,5,18,3,3,2,4,1
88,0,3,0,2,41,10,2,4,15896,3,2,2,334,1,19,3,3,2,4,0
69,0,3,0,10,18,0,2,3,9724,8,2,1,812,1,12,3,3,2,4,0
68,0,2,0,16,28,3,2,2,4824,0,2,3,1476,0,19,3,3,2,2,0
100,0,3,1,7,31,7,1,3,12241,7,3,2,218,4,11,2,3,2,2,1
48,0,2,3,1,39,10,0,3,10942,0,5,1,1132,0,17,2,3,2,3,1
47,0,2,1,24,36,8,1,4,6927,2,3,3,1105,7,15,3,3,0,2,2
91,0,3,1,7,32,8,1,3,16985,7,3,3,906,1,14,2,3,2,4,1
81,0,2,1,25,38,8,1,2,26707,5,2,3,849,3,17,3,3,2,1,0
32,1,2,1,1,58,3,0,4,17056,0,2,4,390,2,13,3,3,0,4,2
86,1,2,1,5,31,2,1,4,10077,6,4,3,691,0,12,3,3,2,3,0
62,0,1,0,2,31,2,1,3,17822,1,1,4,106,3,12,3,3,2,1,0
97,0,2,1,7,45,9,0,3,20308,2,2,1,1249,1,18,3,3,1,1,1
32,1,2,1,2,31,2,0,4,7747,6,2,2,192,0,18,1,3,2,3,2
74,0,2,2,5,33,6,1,4,23364,3,2,2,553,6,11,3,3,1,4,1
99,1,2,0,10,39,9,1,1,5355,3,3,4,117,1,14,3,3,2,3,0
33,0,2,0,10,43,7,2,4,10675,2,5,1,185,0,19,3,3,1,3,0
90,1,2,0,1,49,1,2,2,17810,0,2,4,1091,7,12,3,3,2,3,0
85,0,2,0,8,52,2,1,4,17747,6,3,1,723,2,15,2,3,2,3,1
85,1,2,0,5,27,3,2,3,20938,6,2,2,1220,1,12,2,3,2,3,0
65,1,3,0,8,32,12,1,2,24624,7,2,4,588,1,11,3,3,2,3,2
74,1,3,0,2,27,4,2,3,5242,7,3,1,1377,1,11,3,3,2,4,2
73,0,3,3,7,31,7,0,3,7143,7,3,4,691,4,12,3,3,2,4,1
74,0,2,0,2,32,7,2,4,10557,6,0,3,1018,7,16,2,3,2,1,1
84,1,2,0,2,28,2,1,4,24737,6,4,4,1157,5,13,2,3,2,1,0
64,0,2,2,28,30,8,1,2,11934,6,2,4,1275,1,13,3,3,2,4,0
48,0,2,1,7,31,9,1,2,14034,4,2,1,798,1,24,3,4,1,3,0
54,0,2,1,7,39,9,1,2,21141,3,2,1,672,1,15,3,3,1,3,1
41,1,3,0,3,39,0,1,2,17778,7,3,1,1162,4,18,2,3,2,4,2
46,0,3,0,10,33,7,2,3,4317,7,6,3,508,3,14,2,3,1,2,2
42,0,2,1,5,47,2,1,5,16375,5,2,2,1482,4,11,3,3,2,4,0
82,0,2,1,10,43,7,0,4,6227,2,3,2,559,1,11,4,3,1,3,1
73,1,3,1,1,27,4,1,1,22107,7,0,4,210,0,13,3,3,0,3,2
31,0,2,0,20,54,3,2,4,16885,6,4,4,928,3,12,2,3,1,4,2
43,0,2,1,7,43,0,1,3,9262,0,1,1,1001,8,16,2,3,2,3,0
75,0,2,2,8,45,9,1,4,9278,6,3,1,549,9,14,3,3,2,4,1
57,1,3,3,1,40,3,1,2,13273,7,2,3,1124,2,22,2,4,2,2,2
77,1,2,0,8,29,7,1,4,4759,2,4,4,318,1,11,2,3,2,2,2
30,0,2,0,9,29,2,2,5,7621,2,2,3,738,0,17,3,3,2,2,2
30,0,3,3,5,30,9,0,3,5431,7,2,3,570,1,13,3,3,2,4,0
56,0,3,1,8,27,7,1,4,3415,7,3,1,1130,1,18,3,3,2,2,0
61,0,2,2,5,37,2,0,2,23177,4,2,3,1192,7,16,2,3,2,4,1
92,1,2,1,15,38,10,0,2,15682,5,3,2,343,0,14,3,3,2,3,0
39,1,2,0,7,31,9,2,4,25713,4,2,3,1232,1,14,2,3,2,3,2
39,1,3,2,10,29,7,0,1,11866,7,2,1,144,1,14,3,3,2,4,2
62,0,2,0,5,35,6,2,4,18264,4,5,4,1296,0,13,3,3,2,3,0
83,0,2,2,26,23,2,0,1,16092,6,2,3,1309,1,12,2,3,2,3,0
95,1,2,0,6,41,4,2,3,10110,4,3,4,483,6,15,3,3,2,4,0
99,0,3,0,4,47,0,2,1,25751,8,3,1,1309,3,19,3,3,1,2,1
44,0,2,0,23,42,0,2,5,15901,5,2,2,810,2,14,3,3,2,1,2
61,0,3,1,2,29,3,1,3,16928,7,3,1,746,1,14,2,3,0,4,0
52,1,1,1,2,42,2,0,1,24017,1,5,3,544,0,11,3,3,2,3,2
75,0,2,1,2,32,0,1,3,3956,2,4,3,1062,1,13,3,3,2,3,1
91,0,3,1,29,48,0,1,1,23978,3,3,2,530,3,21,1,4,2,1,0
51,1,2,2,6,37,7,0,3,17001,6,2,1,1319,4,13,3,3,2,3,2
85,1,3,1,25,30,2,1,2,6069,7,2,2,641,7,12,4,3,0,4,2
57,0,3,1,1,26,7,1,3,20156,7,3,2,933,1,17,3,3,2,3,0
98,0,2,0,2,42,0,2,4,17078,0,6,2,1332,3,23,3,4,2,1,1
99,1,3,0,1,21,2,2,1,9150,8,3,3,756,1,11,3,3,1,1,2
45,0,3,0,1,36,0,2,5,15276,7,6,2,845,4,15,3,3,0,4,0
48,0,3,1,3,36,9,1,4,7246,7,2,1,541,4,11,3,3,1,1,0
88,0,2,0,1,57,2,1,4,2967,0,2,3,593,2,11,3,3,2,4,1
46,1,2,1,10,40,7,1,4,22495,2,3,3,1171,3,13,3,3,2,4,2
39,0,3,0,9,21,2,2,2,2851,8,3,3,895,1,24,2,4,0,1,2
34,1,3,0,5,33,0,2,3,9150,8,2,2,350,1,13,3,3,2,4,2
98,0,2,1,10,37,4,1,3,17663,2,3,2,921,6,20,3,4,2,3,1
30,0,2,0,7,46,0,1,4,16044,4,2,3,1144,2,14,4,3,0,3,0
56,0,3,0,4,41,7,2,3,9558,7,5,3,143,1,18,3,3,1,1,0
100,0,2,0,10,50,3,2,3,2755,0,2,4,1046,6,15,3,3,2,4,1
68,1,3,2,22,40,4,1,2,6110,7,6,1,575,2,12,3,3,2,3,2
42,1,2,0,9,31,2,2,4,7551,6,5,4,408,0,16,3,3,2,3,2
90,0,3,0,12,21,0,2,3,25422,8,0,4,156,1,15,3,3,2,3,0
54,0,2,0,23,29,2,2,3,18168,6,4,4,1283,9,16,3,3,2,4,2
97,0,2,0,9,35,1,2,4,19394,0,5,3,755,9,19,3,3,2,3,1
82,0,2,1,1,27,2,0,2,17881,2,2,2,1469,1,11,3,3,2,4,1
92,0,3,0,9,28,5,2,4,20750,7,1,4,304,1,16,3,3,2,2,0
31,0,2,0,7,49,2,2,3,12066,0,2,3,1261,8,24,3,4,2,2,0
87,0,3,1,14,51,7,1,2,14862,7,2,3,1178,4,11,2,3,2,3,0
96,0,2,1,2,36,2,1,3,11868,6,3,2,329,4,13,3,3,2,4,1
67,1,3,0,19,34,2,2,3,4652,7,3,2,1362,8,13,2,3,0,1,2
97,1,2,0,2,55,4,2,3,23258,3,2,3,1311,2,13,3,3,2,3,0
77,1,3,1,10,24,2,0,4,5915,7,2,4,1371,1,12,4,3,2,4,2
72,0,3,1,2,30,0,1,1,17434,8,3,1,202,1,18,3,3,2,3,1
73,0,2,0,3,26,4,2,1,6582,6,2,3,575,0,22,3,4,1,3,1
43,0,2,1,11,22,1,1,3,24440,6,1,4,253,1,13,3,3,2,1,2
61,0,3,2,2,36,9,1,2,3809,7,2,2,164,1,13,3,3,2,2,1
40,1,2,0,4,30,0,2,3,3427,6,4,3,464,9,23,3,4,1,3,2
95,0,2,1,14,37,7,0,3,26914,2,2,3,1107,1,12,2,3,2,4,1
46,0,3,2,2,40,4,0,2,22553,7,5,3,759,7,12,3,3,2,4,1
95,0,2,1,1,42,2,0,4,20490,2,5,2,201,3,16,3,3,2,2,1
49,1,2,0,10,37,0,2,4,21123,4,2,4,1305,2,12,2,3,2,3,2
59,0,2,1,12,43,10,0,3,4345,5,3,3,982,1,11,3,3,2,1,0
78,0,2,1,2,40,0,1,3,13436,2,3,2,555,6,22,3,4,2,2,1
86,0,2,1,5,54,2,1,2,8509,5,4,3,821,4,11,2,3,2,1,1
72,0,3,1,4,34,2,1,4,12740,7,3,1,1381,9,15,3,3,0,3,1
31,0,2,1,7,31,10,1,2,4156,4,5,2,480,1,12,1,3,2,2,0
61,0,2,1,21,43,2,1,3,15238,2,1,1,313,7,20,3,4,1,4,0
74,1,2,0,8,43,2,0,4,2227,0,3,4,1473,4,14,3,3,2,3,0
99,1,3,0,4,25,4,2,2,12090,7,3,2,891,1,11,3,3,2,2,2
72,1,2,2,25,37,11,1,5,23866,6,2,1,1063,3,15,3,3,0,2,2
98,0,2,1,1,31,2,1,2,16193,2,3,3,329,1,12,3,3,2,4,1
52,1,2,1,1,39,8,0,1,8213,3,3,3,1218,1,14,3,3,1,2,2
86,0,3,3,6,56,7,1,3,18256,7,0,4,906,9,11,2,3,1,3,1
83,0,3,0,12,30,4,2,3,19558,7,6,2,1082,0,11,3,3,2,2,0
49,0,3,1,1,41,7,1,3,19566,7,2,3,645,1,16,3,3,2,2,0
79,0,2,1,17,28,0,0,2,13535,2,2,4,1300,1,12,3,3,2,3,1
91,0,2,1,3,25,2,1,3,9396,2,5,3,688,5,13,3,3,2,1,1
39,1,2,0,3,52,4,1,3,19609,4,4,3,319,2,14,3,3,2,4,2
69,0,2,2,10,45,2,1,2,9655,6,3,4,192,3,21,2,4,2,1,1
30,0,2,0,4,52,2,1,2,10310,3,2,4,1490,2,13,1,3,2,4,0
92,0,2,1,29,42,4,0,2,12932,6,3,2,532,2,11,3,3,1,1,0
43,0,2,0,2,30,4,2,3,24793,4,2,3,317,2,20,3,4,2,3,0
41,0,2,0,7,60,8,1,3,3854,3,5,4,422,5,11,1,3,2,1,0
87,0,2,1,18,46,7,0,3,26314,4,5,3,1485,2,14,2,3,2,3,1
88,0,2,3,28,42,5,1,4,4386,0,4,4,1368,0,11,4,3,1,4,1
62,1,3,0,1,24,3,2,1,21972,8,4,2,1448,1,16,3,3,2,1,2
33,0,3,1,6,34,2,0,2,12253,8,3,4,296,0,16,2,3,1,4,0
42,1,2,1,2,38,0,1,2,12106,2,3,3,1490,1,23,3,4,1,4,2
79,0,3,0,2,40,15,1,4,13022,3,2,4,1398,0,14,3,3,2,3,0
90,0,2,2,23,26,2,0,3,3032,6,3,2,1349,1,22,1,4,2,1,1
53,0,2,1,3,30,3,1,3,16734,2,3,3,1400,4,15,1,3,0,3,0
93,0,2,0,3,29,2,1,4,21526,5,2,3,986,1,18,3,3,2,2,1
71,0,2,0,25,29,2,1,5,18300,6,2,2,408,5,16,4,3,2,3,2
52,0,1,0,2,19,0,2,2,18437,1,3,3,489,1,12,4,3,2,1,0
69,0,3,0,22,30,8,1,4,2890,7,3,3,1398,0,11,3,3,0,3,2
56,0,3,1,29,57,0,0,3,22102,3,3,3,210,3,12,2,3,2,1,0
88,0,2,1,29,50,10,1,4,9314,3,2,2,1099,0,15,3,3,2,2,0
49,0,2,0,2,30,7,2,3,7181,2,2,3,1116,0,14,2,3,0,3,0
80,0,3,0,28,60,13,1,3,2845,7,5,4,1499,4,19,4,3,1,3,2
65,0,2,3,2,47,0,0,2,7389,4,2,3,983,5,13,3,3,2,1,1
51,0,2,0,2,46,2,1,3,2288,5,2,3,1009,6,13,1,3,2,1,0
46,0,2,0,22,35,4,2,3,19225,2,2,3,144,0,15,3,3,2,4,2
42,0,2,0,8,54,0,2,4,23428,2,3,3,548,7,11,3,3,2,3,0
62,0,2,1,2,34,3,0,4,8416,6,3,3,1303,3,12,3,3,2,4,1
94,1,3,1,10,46,2,1,3,11563,7,3,3,1125,2,19,3,3,2,3,2
33,0,2,1,9,31,8,0,1,14394,4,6,4,1274,1,25,4,4,2,3,0
56,1,2,0,15,33,6,1,1,24619,3,2,4,1277,7,12,4,3,2,2,2
38,0,2,3,10,33,3,0,1,6705,2,2,1,587,7,13,3,3,2,1,1
57,0,3,0,7,30,2,2,1,18398,8,3,1,413,0,14,3,3,2,4,0
72,1,2,0,16,35,7,1,3,14295,0,2,3,1276,4,12,3,3,2,4,2
66,0,2,0,20,31,0,1,3,22908,0,2,1,534,3,12,3,3,1,1,2
43,1,1,3,23,34,2,0,3,11533,1,2,3,988,9,15,3,3,1,2,2
97,0,2,1,5,42,2,1,2,9260,2,4,4,1474,4,17,3,3,1,2,1
32,0,3,0,10,36,3,2,4,15318,7,3,4,635,1,14,2,3,0,2,2
99,0,2,0,4,22,2,2,1,9129,2,3,3,1368,5,16,3,3,1,3,1
37,0,3,1,2,48,7,1,5,19658,7,2,1,163,2,14,3,3,2,2,0
83,0,3,0,18,55,9,2,5,9873,3,2,4,1117,3,23,3,4,2,1,0
56,0,3,0,10,41,3,2,2,13430,7,3,4,267,7,14,3,3,0,4,0
85,0,3,0,1,35,9,1,3,18659,7,2,3,619,9,11,3,3,2,2,0
75,0,2,0,6,40,6,2,3,20364,4,3,3,302,7,15,3,3,2,2,1
48,0,2,1,8,39,3,1,1,17872,2,3,1,443,1,11,3,3,1,3,0
77,1,3,0,2,31,5,2,1,8346,7,2,3,828,4,13,4,3,2,2,2
56,1,2,1,24,42,9,1,3,6950,4,5,4,319,1,21,2,4,2,4,2
61,0,3,1,2,45,7,1,3,16177,7,3,2,561,0,19,4,3,2,4,0
58,1,1,1,17,26,7,0,4,22808,1,2,2,426,0,11,2,3,1,2,2
34,0,2,2,19,29,2,0,3,22645,4,2,2,232,4,12,4,3,2,4,0
95,0,2,1,1,33,1,0,5,22578,5,2,3,922,4,19,3,3,2,1,1
44,0,3,1,7,31,4,0,3,25291,3,3,3,688,9,21,2,4,2,3,0
69,1,3,0,5,18,0,2,3,8059,8,3,4,1306,1,14,3,3,1,2,2
58,0,3,1,28,40,0,0,3,11373,7,2,3,1094,3,15,3,3,0,3,2
62,1,2,0,2,41,7,2,4,2112,0,3,1,509,2,17,3,3,0,1,2
45,0,3,2,29,26,0,0,2,4267,7,5,1,775,5,12,3,3,2,1,0
80,0,3,0,1,35,4,2,3,6698,7,3,4,195,1,16,3,3,2,1,0
74,0,3,0,21,34,7,2,4,19921,7,3,4,258,1,12,3,3,2,4,2
66,1,2,0,24,26,0,2,3,23213,2,3,2,471,1,18,1,3,2,3,2
59,0,2,0,1,37,5,2,3,23848,4,3,4,799,4,17,4,3,2,2,0
86,0,2,0,18,46,2,1,1,8984,0,3,4,1034,5,11,2,3,1,1,1
91,0,3,1,2,41,16,1,5,5626,3,2,2,1276,7,16,3,3,2,2,1
69,0,3,1,9,37,5,0,4,24666,7,6,4,142,1,13,3,3,0,1,1
78,1,2,2,6,52,9,0,2,22087,6,3,2,956,3,12,3,3,2,4,0
60,0,3,0,11,32,2,1,4,23914,7,2,4,1474,8,12,3,3,0,4,2
38,0,3,2,24,24,2,1,3,5530,8,3,3,535,0,13,3,3,1,4,2
76,0,2,1,10,38,0,1,3,22174,0,4,3,1495,3,19,3,3,2,3,1
65,0,2,1,1,37,5,1,4,15701,4,2,2,446,6,12,2,3,2,2,1
58,1,2,1,18,49,9,0,4,2125,5,5,3,1245,1,17,3,3,2,4,2
89,1,2,2,23,24,5,1,3,21630,6,3,2,691,1,11,3,3,2,2,2
66,0,3,2,28,26,3,1,2,7428,7,5,4,703,1,20,4,4,2,1,0
94,0,2,1,17,24,0,1,2,9100,2,2,4,823,1,21,3,4,2,4,1
99,0,1,1,3,50,5,1,3,7999,3,2,3,1246,1,11,3,3,1,1,1
40,0,3,0,13,25,4,1,1,26376,8,1,3,622,1,11,3,3,2,2,2
55,1,2,1,7,24,3,1,3,14168,2,4,4,1287,1,16,3,3,1,1,2
74,0,3,1,12,30,0,1,4,14470,8,2,3,448,1,18,4,3,1,2,0
83,1,2,1,1,34,5,1,2,22794,6,3,4,254,1,13,3,3,2,2,0
46,0,3,0,13,31,1,0,4,11512,7,2,3,1365,2,17,1,3,2,2,2
54,0,2,0,25,35,2,2,2,14004,2,3,4,538,4,14,3,3,2,1,2
66,0,3,2,6,31,7,0,4,6219,7,4,4,525,4,22,4,4,2,1,1
66,0,2,2,6,27,3,0,4,5013,6,5,3,798,0,12,2,3,2,1,1
75,1,3,1,2,37,0,1,3,3010,7,3,3,558,4,11,2,3,2,4,2
83,0,2,0,1,20,0,2,3,11757,6,0,4,959,1,13,4,3,2,4,1
81,0,2,2,2,42,2,1,4,5718,0,4,2,622,1,13,3,3,2,3,1
50,1,2,1,6,43,0,0,4,2671,5,3,3,782,4,14,2,3,2,2,2
43,0,2,0,1,38,0,2,1,14561,6,3,4,362,3,17,2,3,2,3,0
72,1,2,1,9,43,7,0,5,19627,2,3,2,1001,3,13,3,3,1,4,0
40,0,2,1,1,48,2,1,4,17997,3,3,1,1236,7,11,1,3,2,4,0
50,0,1,0,1,44,2,2,4,26894,1,1,2,1112,4,11,4,3,2,1,0
31,1,3,2,14,34,2,0,3,2912,8,3,4,204,1,18,3,3,2,3,2
85,0,3,1,2,27,3,0,1,16346,8,3,2,1420,0,11,3,3,2,3,1
49,0,3,0,22,21,2,2,1,24444,8,2,3,1343,1,11,3,3,2,3,2
35,1,2,1,3,44,2,1,4,9358,3,2,1,1315,4,12,4,3,2,4,2
69,0,2,0,6,22,2,1,1,12145,6,3,4,604,0,20,3,4,2,1,1
39,0,3,0,8,33,0,0,4,20431,7,3,4,1216,0,12,3,3,2,3,0
92,1,2,1,9,32,4,1,4,18089,6,2,4,646,1,12,2,3,2,1,0
71,0,2,1,3,30,0,0,3,22653,6,2,3,160,1,20,3,4,1,3,1
34,0,3,0,1,53,7,2,1,7507,7,2,4,238,7,20,4,4,2,4,2
42,0,2,1,1,34,9,1,5,7660,6,4,4,1397,1,12,2,3,2,2,0
100,0,3,2,26,45,1,1,4,5630,7,4,4,306,2,14,3,3,1,1,1
71,1,2,1,6,26,2,1,3,17759,2,2,3,991,1,13,3,3,2,3,0
36,0,2,1,3,37,7,1,3,9606,4,2,3,482,1,15,3,3,2,3,0
62,0,3,1,3,29,0,1,2,3487,7,5,1,1176,1,14,2,3,2,2,1
82,0,2,0,6,35,11,2,4,19368,6,3,2,1017,1,13,3,3,2,2,1
30,0,2,1,6,33,11,0,3,5335,0,2,3,1296,3,23,1,4,1,3,0
88,0,1,1,19,54,7,1,4,6729,1,1,3,397,2,15,4,3,2,3,0
48,1,2,1,9,36,2,0,2,13934,4,2,3,913,2,11,3,3,2,2,2
54,0,2,0,3,27,2,2,4,15174,6,0,4,1115,0,13,3,3,2,1,0
32,1,2,0,10,20,0,2,1,26999,6,5,4,1362,1,11,3,3,2,4,2
70,1,2,0,3,33,8,2,3,3164,6,3,1,1076,1,11,3,3,1,1,2
41,0,2,2,3,35,0,1,3,16900,2,3,3,727,1,18,3,3,0,3,1
58,0,2,1,4,23,2,1,3,8544,6,3,1,885,2,16,4,3,2,1,1
57,0,3,1,8,25,2,1,3,15678,7,4,3,810,0,22,3,4,2,4,0
46,0,3,0,7,38,7,2,4,7791,7,2,1,243,0,20,3,4,2,4,2
76,0,2,1,1,29,7,0,4,18959,6,5,4,806,1,18,3,3,1,2,1
56,0,3,0,2,48,2,1,1,18597,7,3,4,817,3,12,3,3,2,2,0
71,1,3,2,3,27,5,0,1,16673,7,3,2,1410,1,20,3,4,1,4,2
80,0,2,0,10,37,0,2,2,15232,6,2,1,1225,3,17,3,3,2,4,1
74,1,2,3,28,50,8,1,1,3297,2,3,3,1207,1,11,3,3,2,4,2
46,0,2,0,9,34,7,2,3,17654,0,3,2,1442,1,14,4,3,2,4,0
65,0,3,0,3,24,2,2,2,24785,7,3,1,693,9,14,3,3,2,1,0
80,0,2,0,2,39,7,2,4,20978,0,4,1,408,1,11,3,3,2,4,1
55,0,3,0,10,32,7,2,3,21703,7,2,4,929,1,12,2,3,2,4,0
50,1,3,1,8,50,3,1,2,23452,7,4,1,562,3,14,3,3,1,2,2
33,0,2,0,1,38,7,2,4,19383,0,4,3,827,0,13,2,3,2,2,0
68,0,2,0,1,27,7,1,2,6009,4,3,4,608,1,11,3,3,2,3,0
39,0,2,0,3,32,7,2,2,19373,5,6,4,1018,3,15,3,3,2,3,0
42,0,3,0,14,47,7,2,4,11825,7,2,4,703,2,12,3,3,2,4,2
48,1,3,1,5,40,13,1,4,23772,7,2,3,580,5,21,3,4,1,4,2
59,0,2,0,7,53,1,1,3,13514,5,3,3,970,3,19,3,3,2,3,1
73,0,1,3,10,41,6,0,4,8861,3,2,2,427,3,15,2,3,2,2,1
84,0,3,0,16,60,2,2,4,11924,7,1,4,1179,8,14,3,3,2,1,0
32,0,2,2,10,27,7,0,2,4809,4,4,3,294,1,21,2,4,1,4,0
59,0,1,1,1,41,7,1,3,19562,3,3,2,314,1,12,3,3,2,4,0
54,0,3,1,8,50,2,1,4,9983,8,2,4,316,7,15,3,3,2,4,0
67,1,2,0,1,28,7,2,2,3872,6,4,4,654,7,13,3,3,2,1,2
63,0,2,1,8,36,7,1,3,20335,5,2,1,427,9,14,3,3,0,1,1
81,1,2,0,1,38,0,2,3,15397,4,4,4,168,4,14,4,3,2,3,0
49,0,2,0,24,44,2,2,3,2104,2,5,3,381,2,14,3,3,0,1,2
49,1,3,2,3,47,2,0,3,10225,7,2,4,217,9,12,2,3,1,4,2
99,0,3,1,27,30,7,0,5,25275,7,2,4,501,7,23,2,4,2,3,0
99,0,3,0,10,29,0,2,3,2755,8,6,3,1396,1,11,3,3,2,3,1
57,1,2,0,19,42,2,0,3,20366,6,2,4,933,6,12,3,3,1,3,2
47,0,3,1,15,43,2,1,3,23683,7,5,3,775,3,18,3,3,1,4,0
96,0,2,0,8,34,1,2,2,7360,0,2,4,970,3,11,3,3,2,2,1
37,0,2,1,9,23,3,1,1,4344,2,2,4,650,1,14,4,3,2,2,0
44,0,1,1,3,39,3,1,3,18767,1,3,3,141,9,15,1,3,2,3,0
81,0,2,0,9,56,7,1,3,20420,0,1,3,832,7,11,2,3,2,3,1
86,1,2,0,2,40,2,2,1,22929,6,2,4,804,0,20,2,4,2,4,0
55,0,2,0,7,27,6,2,3,23398,0,2,1,975,8,19,1,3,2,4,0
83,0,3,2,10,29,2,0,3,17967,8,2,4,1090,1,14,3,3,2,4,1
86,0,2,0,6,53,2,2,3,10919,2,4,4,346,2,17,3,3,2,4,1
61,0,2,1,2,35,0,0,4,4761,0,2,1,1225,2,11,4,3,0,4,1
80,0,2,2,24,32,8,1,4,21146,2,2,4,430,1,15,3,3,1,1,0
92,1,2,1,2,38,0,1,5,20471,6,0,2,268,6,13,1,3,2,4,0
32,0,2,1,8,34,0,0,5,4187,4,3,3,167,3,14,3,3,2,2,0
31,0,3,0,3,52,6,1,4,10084,3,3,1,621,1,11,4,3,2,3,2
63,1,2,0,1,33,9,2,4,5207,6,2,3,527,1,13,2,3,2,4,2
32,0,3,0,26,25,5,2,1,22807,7,5,2,883,1,23,2,4,2,3,2
46,0,3,0,2,45,7,2,2,12388,8,3,1,954,0,13,3,3,2,2,0
79,0,2,0,10,23,2,2,1,19630,6,3,4,310,1,18,3,3,2,1,1
77,1,3,0,27,47,4,2,2,10339,7,2,4,719,4,12,3,3,1,2,2
60,0,3,0,2,34,5,2,3,18686,7,5,3,304,1,22,3,4,2,4,0
78,1,2,1,2,55,2,1,3,21199,3,2,4,725,5,13,3,3,2,4,0
76,0,3,0,8,36,7,2,4,14229,7,1,2,1434,1,15,3,3,0,1,0
41,0,2,1,19,52,3,1,4,26589,6,3,1,715,0,18,3,3,0,4,0
71,0,2,1,1,26,2,0,2,5288,2,2,1,575,3,14,3,3,1,1,1
66,0,2,1,27,29,7,1,3,25549,0,3,1,657,4,12,2,3,2,2,2
38,0,3,0,8,26,3,2,3,3064,7,2,3,1146,6,17,2,3,2,4,2
72,0,2,0,1,34,2,2,4,13551,6,2,3,182,2,16,3,3,2,2,1
95,1,2,2,19,54,3,0,4,22670,4,4,2,376,9,11,3,3,2,4,0
84,0,3,1,8,27,2,1,1,24008,7,3,2,829,0,19,3,3,1,3,1
82,1,2,2,10,37,3,0,1,19905,6,3,2,571,0,13,2,3,2,4,0
75,1,2,0,2,38,7,2,4,26085,4,2,4,240,6,12,3,3,1,1,2
86,0,2,0,2,34,5,2,4,7530,6,3,3,121,1,11,3,3,2,3,1
72,0,3,1,8,35,2,1,4,20317,8,1,2,384,1,16,2,3,2,1,1
38,0,2,2,1,30,2,1,3,24375,2,2,3,921,3,21,3,4,2,4,0
38,0,2,1,2,40,7,1,2,9931,0,2,4,791,1,24,3,4,1,3,0
93,0,3,1,8,34,2,1,2,13305,7,1,2,1111,5,17,3,3,2,3,1
66,0,2,1,8,42,7,0,3,16225,3,4,2,570,1,13,2,3,1,2,1
63,1,2,2,6,23,0,1,3,3445,2,2,3,1243,1,21,3,4,2,3,0
60,0,2,3,9,24,0,0,3,26551,2,4,3,1092,1,11,3,3,0,3,1
82,0,2,1,11,52,2,1,4,21821,2,3,2,1325,8,20,3,4,2,4,1
64,0,2,0,2,50,3,1,3,6881,5,3,4,691,5,16,3,3,2,3,1
36,1,2,1,1,29,0,1,2,6689,2,1,4,805,1,11,3,3,2,2,2
49,0,2,0,7,33,9,1,3,25995,5,3,4,213,0,11,4,3,2,3,0
69,0,3,0,16,33,2,2,3,26507,7,3,3,118,5,15,3,3,2,1,0
33,1,2,1,2,47,14,1,2,12982,3,3,3,202,1,11,2,3,2,3,2
35,0,2,1,1,36,7,1,3,23361,4,2,1,676,0,15,3,3,2,3,0
81,0,2,1,23,29,7,1,2,23779,6,3,3,1252,1,24,3,4,2,3,0
31,1,2,0,2,58,15,2,4,25761,5,2,4,286,7,12,3,3,2,4,2
40,0,2,0,1,35,2,2,4,13301,6,0,3,1258,3,13,3,3,2,4,0
43,1,2,1,1,42,3,1,2,4051,4,4,4,932,9,13,3,3,2,4,2
46,0,2,0,2,28,2,2,4,16374,6,3,4,890,6,17,2,3,2,3,0
36,0,1,1,13,36,2,1,3,25527,1,2,2,1041,4,13,3,3,2,3,2
98,0,2,1,4,32,13,1,3,19124,4,3,3,859,1,12,3,3,2,3,1
51,0,2,0,16,40,0,2,4,11983,2,6,4,720,6,14,3,3,1,1,0
52,1,2,0,2,30,0,2,3,20234,4,4,2,946,5,24,2,4,2,3,2
95,0,2,0,2,45,0,2,3,6153,6,3,4,252,1,14,3,3,2,2,1
98,0,2,1,29,42,8,1,3,11806,4,3,4,933,1,13,2,3,2,2,1
45,0,2,1,12,38,3,0,3,4284,0,3,3,471,2,15,2,3,1,1,0
100,0,2,0,16,34,2,2,4,8306,6,3,3,702,1,16,3,3,1,3,1
43,0,3,2,11,49,8,1,3,5860,7,3,1,1184,1,18,4,3,2,3,0
37,0,3,0,2,55,7,2,1,21519,7,3,3,436,4,16,2,3,2,3,2
94,0,2,1,14,43,1,1,2,5200,5,3,3,589,6,24,3,4,2,2,1
42,1,2,1,5,27,8,0,1,8842,5,3,2,269,1,16,3,3,2,3,2
59,0,2,0,7,35,5,2,3,18869,4,3,2,950,3,21,4,4,2,3,0
81,1,3,0,2,28,7,1,4,3698,7,2,1,760,1,20,3,4,2,2,2
88,0,1,1,3,34,2,1,2,2243,1,1,3,829,0,19,1,3,2,3,1
88,1,2,1,5,26,7,1,2,20898,6,2,1,887,1,14,3,3,1,3,0
50,0,2,3,3,27,0,1,3,16571,6,6,3,443,1,11,2,3,0,4,1
66,0,3,1,26,51,6,1,4,5594,3,2,3,1318,2,14,2,3,2,1,2
50,0,2,0,4,44,2,2,3,5197,0,2,4,625,9,12,2,3,2,4,0
65,0,2,0,2,25,3,2,1,21632,6,3,3,180,7,13,2,3,2,1,0
48,0,3,1,1,33,8,0,3,21816,7,5,1,586,1,22,3,4,2,1,0
53,0,2,0,27,35,5,2,1,17852,6,3,4,1343,1,11,2,3,2,3,2
56,1,3,1,1,36,14,1,2,2823,7,1,4,928,1,14,2,3,2,2,2
73,0,3,1,13,32,2,0,4,9250,7,3,3,117,2,11,2,3,2,2,0
75,0,2,1,5,30,4,0,4,2373,6,3,2,1012,9,12,2,3,1,2,1
78,1,3,1,7,53,2,1,2,20715,7,3,4,661,7,18,3,3,2,1,2
74,1,3,1,9,45,4,0,3,19239,7,2,3,930,4,12,3,3,2,4,2
91,0,2,1,8,32,3,1,2,22162,6,3,3,638,5,12,2,3,2,3,1
81,0,2,0,25,52,8,1,4,19028,4,3,3,890,3,22,3,4,1,3,0
66,0,3,2,16,37,0,0,4,24558,7,2,4,342,4,19,3,3,2,4,1
63,0,1,1,8,28,1,0,2,23965,1,6,4,1169,1,13,3,3,2,2,0
33,0,2,2,1,22,2,1,2,19146,4,2,1,1230,6,22,1,4,2,4,0
62,1,2,1,8,44,2,1,4,5044,2,2,3,986,2,24,2,4,2,1,0
35,1,2,0,2,42,1,2,1,9068,6,2,4,1271,5,14,3,3,1,2,2
77,0,1,0,8,36,4,1,3,8635,1,3,3,1278,0,21,3,4,2,1,0
98,1,3,0,3,25,3,1,1,14363,7,3,4,141,1,18,3,3,2,3,2
66,1,2,1,9,35,14,1,3,23457,4,2,2,607,1,20,3,4,2,4,2
96,1,2,1,25,35,2,0,4,16612,6,3,1,130,1,19,2,3,1,4,2
61,0,2,1,1,32,0,0,3,9148,2,2,2,300,0,12,3,3,0,4,1
87,0,3,0,4,25,2,1,1,18154,7,1,1,583,1,12,4,3,2,3,0
36,0,2,1,1,49,2,1,3,10554,6,2,2,1418,2,16,3,3,2,3,0
46,0,2,0,4,24,2,1,1,10778,2,2,4,1269,0,17,2,3,0,1,0
48,0,3,1,5,32,8,1,2,8891,7,3,4,379,1,14,3,3,1,2,0
98,0,3,1,9,38,2,1,3,12102,8,3,4,395,0,19,3,3,2,2,1
95,1,2,1,3,42,3,1,3,23726,2,1,2,1265,2,13,2,3,2,3,1
48,1,2,1,11,31,4,1,4,14871,6,2,2,1222,3,19,3,3,2,4,2
48,1,3,3,1,29,2,0,3,23522,8,3,3,341,6,19,3,3,2,2,2
73,0,3,1,8,53,0,1,3,22789,7,3,3,868,5,14,3,3,2,1,1
78,0,2,0,25,35,10,1,3,9129,4,2,1,672,3,16,3,3,2,4,2
54,0,3,1,21,37,4,1,2,21222,8,3,2,1231,5,15,3,3,1,3,2
72,0,2,0,23,53,9,2,4,20206,5,0,3,102,6,18,3,3,2,4,0
33,0,2,1,1,43,2,1,3,21782,0,2,2,422,4,13,2,3,1,4,0
35,1,3,1,2,47,6,1,2,17783,7,2,1,249,0,22,3,4,2,3,2
32,1,3,0,19,37,0,2,2,4814,7,2,4,1252,1,13,3,3,0,1,2
98,0,2,1,2,50,6,0,4,4544,3,3,4,881,1,11,3,3,0,1,1
42,0,1,2,2,39,4,1,3,7790,1,2,3,1383,8,11,3,3,2,4,1
57,1,1,1,3,33,3,0,2,22650,1,4,3,1075,3,11,4,3,2,4,2
87,1,2,0,25,32,0,2,4,18016,2,2,3,374,1,24,1,4,2,1,2
62,0,2,3,7,29,3,0,1,6054,2,5,3,1086,6,14,3,3,2,1,1
61,1,2,0,9,44,7,1,2,7508,6,0,4,661,1,13,3,3,2,2,2
98,0,3,0,5,28,2,2,4,24252,7,3,2,821,1,14,3,3,2,1,1
57,1,2,1,2,58,0,0,1,13384,2,3,4,781,9,14,2,3,1,4,0
55,0,2,1,8,43,0,0,3,23814,4,2,3,177,4,21,4,4,2,1,1
49,0,3,0,2,20,2,2,3,22052,8,3,4,500,1,13,2,3,2,3,0
65,0,2,0,18,21,0,2,1,8870,6,3,1,1427,1,19,2,3,2,4,0
68,1,2,1,14,36,8,1,1,4821,0,2,1,1425,0,17,2,3,2,3,2
65,1,3,0,2,47,2,2,4,13137,8,3,1,1454,1,18,2,3,2,4,2
34,1,2,1,3,22,2,1,1,10022,4,3,1,617,0,19,4,3,2,2,2
57,1,2,1,2,41,7,0,4,17725,2,1,3,1085,4,13,2,3,2,2,2
77,0,2,1,9,28,2,0,3,9834,6,2,2,995,5,18,3,3,2,3,1
70,1,2,0,6,39,2,1,3,4303,2,2,4,1122,7,21,1,4,2,4,2
76,0,2,0,4,27,1,2,3,17808,6,2,3,618,1,19,3,3,2,2,1
83,0,2,2,10,34,0,0,3,6896,2,3,2,546,1,14,3,3,2,2,1
68,0,3,0,14,42,4,2,2,7824,7,6,1,462,7,17,3,3,2,3,0
100,1,2,0,1,33,2,2,4,3339,6,1,2,1198,3,11,3,3,2,3,0
37,1,2,1,5,58,0,0,3,9255,0,3,4,1272,2,13,3,3,2,3,2
41,0,3,0,7,31,7,1,4,11737,8,2,2,154,3,15,4,3,2,2,2
51,1,2,1,21,35,6,1,1,19170,0,2,4,1137,1,25,1,4,2,4,2
51,0,2,1,8,49,9,1,2,22477,2,3,3,527,4,11,2,3,2,1,1
51,0,2,2,20,48,0,1,4,5543,6,2,1,1469,4,17,2,3,2,4,0
45,0,3,1,20,31,8,1,2,24406,7,2,4,1188,1,13,2,3,0,4,2
65,0,2,0,7,36,2,2,4,23293,6,6,3,188,2,18,3,3,2,2,1
80,0,2,1,1,38,12,1,3,16292,5,3,2,1333,1,13,3,3,2,4,1
70,0,2,0,1,32,0,1,3,3974,2,3,3,1184,6,20,3,4,0,3,1
36,1,3,3,19,25,0,1,2,18798,8,2,3,867,1,18,3,3,2,3,2
67,0,3,1,10,40,0,0,4,20652,7,2,2,658,2,12,2,3,2,1,1
52,0,3,0,1,26,7,2,3,11148,7,2,2,1283,1,12,3,3,1,3,2
59,1,2,0,6,41,13,2,3,3119,2,3,3,263,2,13,3,3,2,4,2
79,0,2,0,2,36,8,2,4,12287,2,6,3,938,4,21,3,4,2,3,1
37,1,3,0,21,19,0,2,3,9947,8,3,2,419,1,13,4,3,2,4,2
84,0,2,0,4,20,0,2,3,13008,2,2,2,129,1,19,3,3,2,1,1
41,1,2,2,12,31,7,1,3,17369,0,2,3,616,0,11,1,3,2,4,2
35,1,2,1,9,40,1,0,4,25063,6,2,4,1469,8,14,3,3,1,4,2
93,0,2,1,3,32,7,1,4,13554,4,2,3,498,1,12,4,3,2,3,1
51,1,3,1,3,36,7,1,1,5518,7,6,1,530,1,11,3,3,2,3,2
42,0,2,0,1,33,0,2,3,12291,0,3,1,1069,0,14,3,3,2,2,0
46,0,3,0,1,37,1,1,4,14922,7,2,3,625,5,11,1,3,2,1,0
57,0,2,0,4,45,7,1,2,23163,2,5,2,805,1,12,2,3,0,3,0
84,0,3,1,20,29,1,1,3,18203,8,5,2,1404,1,15,3,3,1,3,0
86,0,3,0,18,35,2,1,3,6179,7,3,2,1219,1,16,3,3,2,3,0
70,0,2,1,1,52,8,1,2,13829,3,2,2,1053,2,15,2,3,2,4,1
51,0,2,0,2,58,0,2,3,26227,6,4,1,289,4,24,3,4,2,4,1
45,0,3,1,2,53,13,0,2,13938,3,3,3,1376,6,13,4,3,2,3,0
62,0,3,1,8,30,4,0,2,9977,7,2,1,231,5,11,4,3,2,3,0
85,1,3,0,10,38,3,2,3,19899,7,1,2,152,1,13,3,3,0,3,2
92,0,3,1,3,35,9,0,4,6812,7,2,2,882,6,13,3,3,2,4,1
41,0,3,0,2,39,7,2,5,2560,7,3,4,903,0,18,3,3,2,1,2
100,1,3,0,24,40,0,2,3,17071,7,2,4,1479,4,16,2,3,0,2,2
64,1,2,0,16,47,10,0,4,6759,4,3,3,1379,1,19,4,3,1,3,2
84,0,3,2,8,36,7,0,4,25952,7,3,4,1229,4,13,3,3,0,1,1
46,1,2,0,9,31,2,2,2,10322,6,0,1,335,0,22,3,4,0,3,2
38,0,3,0,17,33,8,2,3,20489,3,2,4,722,1,11,3,3,0,4,2
92,1,2,0,10,29,0,2,3,11479,6,5,3,906,6,20,3,4,2,4,0
53,0,2,0,13,33,2,2,1,17241,6,4,1,461,3,18,3,3,2,2,2
91,0,2,2,1,45,3,0,4,11005,2,2,4,974,3,14,3,3,2,4,1
66,0,2,1,1,50,4,0,2,6615,5,1,3,1126,9,22,2,4,2,4,1
84,1,2,1,1,33,5,1,4,20161,0,2,1,827,1,13,3,3,1,3,0
64,0,2,1,9,41,16,0,3,3735,5,2,2,840,2,17,4,3,1,1,1
37,0,2,1,16,27,2,1,4,12086,2,2,2,1134,9,14,3,3,2,3,2
42,1,2,1,23,45,8,1,2,14039,2,2,3,248,1,15,3,3,0,4,2
83,1,3,0,4,47,0,2,2,8571,7,0,3,955,1,17,3,3,2,4,2
48,1,2,0,22,30,2,1,3,11539,6,2,2,138,4,11,3,3,2,1,2
95,1,2,1,24,50,11,1,3,4161,4,2,4,939,3,18,3,3,2,4,2
66,0,2,1,10,38,1,1,1,12127,6,0,2,1391,0,17,2,3,1,3,1
75,0,2,1,7,46,7,0,2,24208,4,3,2,566,6,13,3,3,2,4,1
41,0,2,2,17,24,2,0,1,24117,4,6,2,1206,1,15,3,3,2,4,0
39,1,2,1,14,35,2,0,4,10074,2,2,4,622,1,24,1,4,2,3,2
96,0,2,1,1,31,3,1,1,11275,4,1,3,853,1,12,3,3,1,3,1
73,0,2,0,5,18,0,2,2,13493,6,2,4,287,1,15,3,3,0,2,1
56,0,2,1,17,54,7,1,3,13943,4,2,3,1441,8,11,3,3,2,3,0
57,1,2,1,25,35,10,0,4,6975,0,3,3,583,1,11,2,3,2,3,2
73,1,2,3,8,30,7,1,2,17802,5,4,3,153,0,12,2,3,2,2,0
98,1,2,0,11,20,0,2,3,18275,6,2,1,1097,1,15,3,3,2,4,2
60,0,2,0,5,30,2,2,3,25725,2,3,1,109,0,17,3,3,1,2,0
32,0,2,0,2,26,7,1,2,3334,4,2,2,1066,1,12,3,3,2,4,2
94,0,2,1,8,22,3,1,1,6881,2,3,1,217,1,15,2,3,2,2,1
97,0,2,0,6,48,2,2,3,13119,0,0,4,277,2,13,3,3,2,1,1
78,0,2,0,4,48,11,2,4,22245,0,3,2,1355,7,14,3,3,2,3,1
42,0,2,0,7,41,2,2,2,23371,4,6,2,549,6,14,3,3,2,4,0
65,0,2,1,1,39,6,1,1,7060,4,3,3,466,1,16,3,3,2,4,1
47,0,2,1,2,27,2,1,4,4658,4,2,2,1055,0,18,3,3,2,1,0
45,0,2,1,10,35,2,0,3,9541,2,4,1,802,1,20,2,4,2,2,0
90,0,3,0,5,42,0,1,2,7770,3,3,2,265,6,13,4,3,2,4,1
64,0,2,0,9,50,0,1,3,20165,2,5,2,804,4,18,3,3,2,1,1
69,1,2,0,2,59,3,2,3,21829,4,4,1,715,3,13,3,3,2,3,0
61,0,2,0,11,37,0,1,2,14382,0,2,1,1141,5,15,1,3,2,1,0
62,1,2,2,18,55,7,1,4,12992,0,3,4,135,3,14,3,3,1,3,2
55,0,2,2,7,41,16,0,1,20284,5,3,2,247,1,22,3,4,0,2,1
42,1,3,0,3,38,0,2,4,4981,7,1,3,1035,8,12,3,3,2,2,2
79,0,3,0,29,26,2,2,2,21813,7,6,4,265,8,18,3,3,0,2,2
57,0,3,1,2,52,14,1,1,25846,3,3,4,266,1,15,3,3,2,1,0
53,1,3,1,28,44,11,1,3,11737,7,2,3,1448,3,18,3,3,2,4,2
95,0,3,1,1,50,7,1,3,24920,7,3,1,145,0,12,3,3,0,4,1
43,0,2,0,16,36,13,2,4,8269,2,1,3,885,1,16,3,3,2,3,2
82,1,2,0,22,39,6,2,3,5083,4,2,3,945,1,13,3,3,1,4,2
88,0,3,0,8,33,2,2,1,21437,8,2,4,1038,0,19,2,3,0,2,1
90,0,3,1,11,45,3,1,2,5404,3,4,2,1234,3,13,4,3,2,4,1
69,0,2,0,29,32,7,2,4,11135,2,2,2,1109,9,12,3,3,0,4,2
75,0,3,1,1,34,1,0,4,12278,7,2,4,216,0,11,2,3,2,2,1
66,1,3,1,1,59,4,1,2,11038,3,1,3,1089,3,14,1,3,2,2,2
36,0,1,0,24,45,3,2,4,8318,1,3,1,788,1,16,3,3,2,2,2
38,0,3,1,2,53,7,1,3,23537,7,2,1,124,2,12,3,3,1,3,0
81,0,2,1,15,36,0,0,3,7858,2,3,2,660,7,14,2,3,2,1,1
57,1,2,1,2,26,2,1,3,15346,6,2,2,342,6,14,3,3,1,1,2
87,1,3,1,10,34,1,1,4,18410,8,2,4,1333,1,19,3,3,2,3,2
74,0,3,0,10,28,0,1,1,23384,8,5,2,1144,1,22,3,4,2,4,0
44,0,2,1,3,38,2,1,4,2997,6,2,1,1186,3,16,3,3,1,3,0
62,1,2,1,2,50,1,1,4,12853,5,2,4,1464,2,11,2,3,2,2,0
35,0,2,0,3,37,3,2,3,13848,0,3,1,124,3,15,2,3,2,4,0
74,0,3,1,26,40,7,1,3,22217,7,3,2,300,1,14,2,3,2,3,2
66,0,2,2,1,26,3,0,1,25265,6,5,3,921,1,13,3,3,1,1,1
40,0,2,2,1,46,2,0,4,21445,5,0,4,430,9,17,3,3,2,4,1
41,0,3,1,2,54,4,1,4,8392,7,4,2,1082,6,11,3,3,2,3,0
63,0,2,1,9,56,4,1,3,12154,6,4,2,1240,2,19,3,3,1,1,1
51,0,2,0,12,36,8,2,5,15669,4,2,2,796,0,11,2,3,2,4,2
40,0,2,0,2,55,7,2,1,17323,3,3,2,444,7,15,4,3,0,3,0
79,0,3,1,25,43,0,0,3,5268,7,5,3,415,5,13,3,3,2,3,0
54,1,3,0,9,20,2,2,3,17205,8,3,2,769,1,14,3,3,1,4,2
36,0,2,0,10,21,0,2,3,17258,2,6,1,1334,1,13,2,3,2,3,2
74,1,2,3,8,46,13,0,4,21029,6,2,1,1003,8,23,3,4,2,4,0
34,1,2,3,4,51,0,1,4,10332,6,2,3,1323,9,12,4,3,2,1,0
72,0,2,0,24,28,7,2,2,12355,0,2,1,1366,1,12,2,3,0,2,2
59,0,2,2,1,26,3,1,2,11141,2,2,1,192,1,16,3,3,2,1,1
85,0,2,1,20,30,2,1,3,9096,4,1,3,1176,0,15,2,3,2,3,0
43,0,2,0,7,41,6,1,2,18863,6,3,3,509,1,13,3,3,2,2,0
65,0,2,1,17,38,9,1,1,24608,0,4,1,330,0,18,2,3,2,3,0
61,0,2,1,20,40,10,1,4,26542,0,6,4,1492,4,20,3,4,2,1,2
87,0,2,3,8,27,2,1,5,5869,2,4,4,1277,1,19,3,3,0,1,1
65,0,2,1,2,55,2,1,1,15813,4,4,2,1091,3,18,3,3,1,4,1
59,0,2,0,10,28,7,2,3,7909,6,4,4,857,3,13,4,3,2,3,0
91,0,1,1,1,44,6,1,2,2326,1,1,4,1376,9,14,3,3,2,2,1
34,0,2,1,5,33,2,0,3,21214,0,2,3,654,4,15,3,3,2,4,0
86,1,3,0,4,35,7,2,3,10333,7,2,1,1204,0,22,3,4,2,4,2
54,0,2,0,29,33,7,2,4,3129,6,4,2,827,1,22,3,4,1,1,2
50,0,2,1,15,28,2,0,2,22482,2,5,4,895,1,16,2,3,2,1,0
45,0,2,0,3,34,2,2,1,22266,0,1,3,618,0,17,2,3,1,1,0
88,1,3,3,10,37,0,0,4,24223,7,5,3,309,2,14,3,3,2,4,0
32,1,2,1,4,25,7,1,1,4605,2,3,2,1219,1,15,4,3,2,4,2
37,0,2,1,21,26,1,0,3,19373,2,0,3,1330,1,20,2,4,2,1,2
55,1,2,0,25,33,2,2,3,2993,6,0,2,1017,4,20,3,4,2,1,2
35,0,2,1,2,42,6,1,2,14399,3,3,4,469,0,17,3,3,2,4,0
45,0,2,2,1,28,0,0,3,7160,2,2,1,1009,1,15,3,3,1,1,1
81,1,3,0,1,50,0,2,4,17251,7,4,4,959,3,14,3,3,1,4,2
30,0,3,1,7,33,2,1,3,13401,7,3,3,970,0,17,3,3,1,4,0
40,0,2,3,3,34,0,1,4,22478,6,2,4,697,3,17,3,3,0,3,1
35,0,2,0,1,48,4,2,4,16154,3,3,3,1262,2,22,2,4,0,1,0
65,0,3,1,9,45,10,1,4,17970,7,2,4,1050,1,13,3,3,0,2,0
87,0,2,0,7,52,6,2,4,15322,0,4,4,994,7,19,3,3,2,2,1
73,1,3,2,10,38,7,0,4,5569,7,2,2,770,0,14,3,3,2,3,2
93,0,2,1,28,29,5,0,4,26968,6,1,1,1107,4,22,3,4,2,3,0
93,0,2,3,3,28,7,0,3,8039,4,3,2,950,0,17,2,3,2,4,1
52,0,3,1,3,46,9,1,1,15596,3,3,4,406,3,12,3,3,2,1,0
32,0,3,0,2,38,0,2,2,20619,7,2,3,130,7,16,3,3,2,4,2
83,0,2,1,27,43,7,1,3,11535,4,1,3,1082,8,11,3,3,1,3,0
84,0,2,3,2,39,7,0,3,13547,0,4,4,203,7,11,3,3,1,1,1
44,0,2,0,14,40,7,2,3,17544,5,2,1,1308,1,14,4,3,2,3,2
70,1,2,0,1,21,2,2,1,25326,6,6,3,984,1,11,4,3,2,4,2
70,0,2,0,9,39,4,2,3,8770,2,2,3,439,9,15,2,3,0,3,1
78,0,2,0,18,36,9,2,4,23238,4,0,1,217,2,20,3,4,0,1,0
67,0,3,1,20,31,2,1,3,21981,8,4,1,793,0,12,3,3,1,3,2
67,0,2,0,2,28,3,1,1,19911,6,2,1,1451,0,17,1,3,2,1,1
54,0,3,1,11,35,2,0,2,18500,7,3,4,1182,1,11,3,3,1,4,0
56,0,3,1,8,49,8,1,4,11879,7,3,2,174,6,17,3,3,2,4,0
95,0,2,0,2,34,2,2,2,15834,4,3,4,1003,2,11,2,3,1,4,1
61,0,2,2,10,29,5,0,3,17940,6,2,4,490,0,14,2,3,1,4,1
56,0,2,0,29,42,0,2,3,9558,2,3,1,188,4,19,3,3,2,2,2
79,1,2,1,8,29,7,1,1,17689,4,2,3,718,1,15,2,3,2,2,0
37,0,1,1,1,38,6,1,3,6004,1,2,4,433,1,13,4,3,2,3,0
39,1,2,1,6,28,1,0,3,22088,6,2,4,773,1,14,3,3,1,3,2
80,0,2,0,8,18,0,2,1,13556,2,0,4,247,1,12,3,3,0,3,1
77,1,3,0,9,33,2,2,4,18385,7,3,1,603,0,17,3,3,2,1,2
46,1,2,1,12,41,0,1,4,9051,2,4,1,167,3,11,3,3,2,2,2
72,0,2,1,15,31,2,1,3,6233,2,5,3,874,1,12,2,3,1,3,0
52,0,2,2,25,37,2,0,2,17171,0,2,3,367,7,13,3,3,2,3,2
55,0,2,1,6,27,2,1,3,7950,6,0,3,199,1,13,3,3,2,4,1
70,0,3,0,9,34,5,1,1,5829,7,3,1,1400,1,20,2,4,2,2,0
100,0,1,0,8,35,4,2,4,7108,1,2,2,528,1,17,1,3,2,3,1
45,0,3,1,23,29,8,1,1,11162,7,3,1,408,1,13,1,3,2,4,2
88,0,2,0,9,40,7,2,4,13782,5,3,3,593,9,17,2,3,1,2,1
44,1,3,0,12,42,9,2,3,2447,7,2,2,481,0,12,2,3,1,3,2
45,0,3,0,4,42,4,2,4,2253,7,3,4,647,7,13,4,3,2,2,0
58,0,2,1,1,35,0,1,4,16340,2,2,2,982,6,12,3,3,2,4,1
49,0,2,0,24,24,3,2,3,6409,2,2,4,477,8,22,3,4,2,4,2
79,1,2,0,12,28,1,1,1,22955,2,4,4,1485,1,11,2,3,2,3,2
82,0,2,1,3,26,7,1,4,13421,2,2,2,1384,1,22,3,4,2,1,1
72,0,3,1,10,30,3,1,3,2706,7,3,1,852,1,18,3,3,2,3,1
92,1,2,1,26,40,1,1,2,21203,6,3,4,902,3,13,1,3,1,3,2
44,0,2,1,2,35,7,0,3,19588,4,2,2,819,2,18,4,3,2,3,0
97,0,2,0,1,34,9,2,3,25755,0,3,3,669,0,20,3,4,1,4,1
47,0,2,1,4,35,2,1,4,26537,2,2,2,636,1,13,4,3,1,4,0
85,0,3,0,9,43,3,2,3,9489,7,2,2,1372,8,13,2,3,2,1,1
76,0,3,3,2,32,0,0,1,14947,8,3,3,862,1,12,3,3,0,3,1
92,0,2,1,4,56,2,0,4,18575,3,2,4,718,4,13,3,3,2,4,1
54,0,2,1,6,29,8,1,1,26342,2,5,1,1401,1,13,3,3,2,2,0
54,0,2,0,9,19,1,2,2,7172,6,4,3,645,1,25,3,4,2,3,0
83,1,2,1,7,45,2,1,3,20100,6,2,3,1457,4,19,2,3,2,1,0
56,0,2,1,1,37,8,1,3,9961,4,2,2,977,1,13,2,3,2,4,1
87,0,2,0,3,20,2,2,3,12828,2,2,1,805,1,12,2,3,2,1,1
96,1,2,0,10,44,4,2,4,10826,6,4,3,1097,1,11,3,3,2,3,0
50,0,2,1,7,53,7,0,2,18640,3,6,2,1223,3,18,3,3,2,4,1
69,1,2,1,15,29,4,1,1,26933,6,2,1,942,0,18,2,3,2,2,2
48,1,2,1,3,22,0,1,4,4223,6,5,2,1256,0,11,3,3,1,3,2
69,0,3,0,2,46,15,1,3,24097,3,2,1,1402,8,23,3,4,2,3,0
74,0,2,0,17,44,0,2,3,4279,6,3,4,111,2,13,3,3,0,4,0
99,0,1,1,2,33,4,1,3,8429,1,2,4,147,1,13,3,3,2,2,1
95,0,2,1,5,41,0,0,2,20293,6,2,1,906,6,17,1,3,0,1,1
61,0,3,3,29,30,3,0,4,13192,7,3,3,1329,8,19,3,3,2,3,0
62,0,3,3,2,40,0,1,4,25440,7,2,4,1184,5,12,3,3,1,2,1
30,0,2,1,2,50,2,1,3,9490,3,3,3,1421,2,22,3,4,1,4,0
78,0,2,3,19,28,5,1,4,12449,2,2,3,1179,1,12,3,3,2,4,1
52,0,2,1,15,46,2,1,2,10849,5,2,1,1450,5,11,3,3,2,4,0
94,1,3,3,17,35,7,1,4,21026,7,2,4,1361,3,15,3,3,2,3,2
97,0,2,1,17,24,0,1,2,3372,2,3,1,984,1,13,1,3,2,4,1
82,0,3,1,25,33,7,1,3,4905,7,3,1,1146,1,12,2,3,1,2,0
60,0,2,1,6,36,7,0,4,6865,2,4,3,917,1,14,3,3,2,3,1
49,0,2,3,7,30,7,0,4,11309,2,4,1,853,1,13,2,3,2,3,1
32,0,2,0,29,44,11,2,4,7744,6,3,2,200,1,25,3,4,2,4,2
43,0,3,0,21,20,1,2,3,5050,8,2,4,654,1,17,3,3,2,3,2
60,0,2,1,2,46,3,0,4,17433,4,3,3,150,2,11,2,3,2,4,1
79,0,1,1,2,42,3,1,5,12858,1,3,1,179,7,16,4,3,0,4,1
52,1,3,1,7,60,7,0,4,10893,7,3,2,696,0,18,3,3,2,2,2
77,0,2,1,13,32,2,1,3,7331,2,2,3,116,1,20,3,4,1,3,1
38,1,2,0,2,32,7,2,2,2338,6,2,4,1316,4,14,3,3,1,4,2
77,1,2,1,1,36,7,0,3,4235,4,2,3,363,2,21,3,4,2,3,0
60,0,2,1,9,33,10,1,3,6311,6,5,2,117,0,13,3,3,2,1,1
84,0,3,1,10,40,1,0,3,11591,7,2,2,107,7,12,4,3,2,2,1
57,0,3,0,10,25,3,2,4,20623,7,4,2,1356,0,14,3,3,2,3,0
63,1,2,1,1,30,9,1,3,9369,6,2,1,1465,0,21,3,4,2,4,2
60,1,2,0,26,42,0,1,5,23281,5,6,3,458,3,17,3,3,1,1,2
78,1,3,1,8,35,2,1,2,13755,7,6,2,1212,4,11,2,3,0,3,2
42,1,2,2,14,27,7,1,3,14377,6,3,4,1103,1,14,2,3,2,1,2
53,0,2,1,1,54,4,0,4,9659,4,2,1,966,7,17,1,3,1,4,1
72,0,2,1,2,44,5,1,1,19982,6,5,4,1117,1,13,3,3,2,1,1
96,1,2,0,10,19,1,2,3,6148,6,2,2,504,1,25,4,4,0,1,0
97,0,2,3,1,29,2,0,3,5598,6,5,1,1010,1,15,3,3,2,1,1
85,0,2,0,3,54,9,1,3,23474,5,2,1,685,3,14,3,3,2,4,1
80,1,2,0,11,31,5,1,2,17089,0,2,4,1332,1,12,2,3,2,3,2
96,0,2,0,24,31,9,2,3,17198,0,2,2,1062,1,19,3,3,2,3,0
48,0,3,0,3,59,1,2,3,16490,7,2,4,326,5,17,3,3,2,3,0
96,0,2,1,3,43,7,1,3,18625,5,2,2,920,3,14,3,3,2,3,1
85,0,2,1,4,49,0,1,2,12124,3,2,3,1098,2,13,4,3,2,1,1
46,0,2,0,3,36,10,1,3,9256,6,2,3,469,1,12,2,3,1,3,0
76,0,2,0,2,48,0,2,2,16620,2,4,3,969,5,11,2,3,2,4,1
76,0,2,3,4,27,3,0,2,3208,6,2,2,1167,1,11,3,3,2,1,1
82,1,2,2,7,29,0,0,3,4204,0,2,2,1329,1,11,3,3,2,3,0
76,0,2,0,1,48,0,2,3,8733,5,3,3,715,6,12,4,3,2,4,1
87,0,2,2,1,29,7,0,3,3423,5,2,2,694,3,14,2,3,2,4,1
89,0,2,0,20,34,0,1,3,21643,6,5,4,1320,0,17,2,3,2,3,0
88,0,3,1,5,44,9,1,3,8751,3,5,3,1099,7,11,3,3,2,2,1
82,1,3,2,10,33,8,0,5,21708,7,3,4,536,0,14,3,3,2,4,2
57,1,2,0,25,19,0,2,3,21221,6,2,4,265,1,12,3,3,2,2,2
47,0,2,1,1,23,0,1,2,16901,6,2,4,373,1,22,3,4,2,4,0
73,1,3,0,24,25,0,2,1,8040,8,4,4,599,1,14,3,3,1,3,2
53,1,2,0,4,26,5,2,2,9973,6,2,2,583,1,20,2,4,2,3,2
94,1,3,0,2,45,10,2,3,2493,3,2,1,1449,2,16,3,3,2,1,2
37,1,2,1,8,55,9,0,1,25592,0,3,4,177,1,15,3,3,0,4,2
45,0,2,0,10,21,2,2,2,25308,2,2,3,251,1,20,1,4,1,1,0
33,0,3,1,4,46,4,1,2,9946,3,2,3,168,2,14,3,3,2,4,0
86,1,3,0,2,34,2,2,3,6039,7,3,4,131,0,12,3,3,2,3,2
83,1,3,1,9,51,10,0,3,19196,3,5,1,237,4,24,2,4,1,4,2
67,0,2,0,18,59,7,2,4,20002,4,6,4,1429,6,12,2,3,2,4,0
46,0,2,2,19,34,8,0,3,22534,2,2,3,135,4,13,4,3,1,3,0
44,1,2,0,1,28,2,2,4,6842,2,2,3,791,0,11,2,3,1,4,2
92,0,2,2,4,44,9,0,2,17477,3,4,4,1199,1,14,2,3,2,3,1
56,0,1,2,11,34,9,1,3,21833,1,5,4,648,4,11,4,3,1,3,0
66,1,2,0,6,35,2,1,1,6020,6,3,4,735,0,14,3,3,2,3,2
78,1,2,0,7,42,0,1,4,5628,6,2,4,603,6,16,3,3,2,2,0
56,0,3,0,4,43,7,2,4,20364,7,3,4,531,3,14,4,3,2,4,0
53,1,2,0,2,36,14,2,4,2323,4,2,4,429,9,11,3,3,2,3,2
73,0,2,1,15,44,7,1,3,14075,0,2,4,621,1,11,3,3,2,1,1
52,1,2,1,2,28,2,1,3,14222,2,2,2,193,1,12,3,3,1,4,2
40,0,2,0,6,51,0,2,2,4257,2,6,2,968,0,14,2,3,1,2,0
72,1,2,0,9,30,4,2,2,12858,4,3,3,879,7,18,3,3,0,3,2
39,1,2,2,7,29,7,0,3,17285,2,2,1,806,3,13,3,3,2,2,2
84,0,2,0,1,28,2,2,3,4732,6,2,2,640,2,11,2,3,2,4,1
40,0,2,0,1,25,2,2,3,18830,6,3,4,266,1,18,2,3,2,4,0
56,0,3,2,8,32,7,1,3,11693,7,4,3,604,1,15,4,3,2,3,1
83,0,2,0,25,45,0,2,3,13035,3,4,3,364,3,22,3,4,1,2,0
94,1,2,2,13,39,9,0,4,17334,3,4,4,412,6,13,3,3,2,3,0
88,0,2,2,23,58,2,0,4,26076,6,3,4,848,1,12,3,3,2,1,1
79,0,2,1,7,32,4,1,2,22845,2,3,1,1089,1,18,3,3,2,4,1
93,0,2,0,23,39,2,2,3,22154,6,2,1,360,0,13,3,3,2,3,0
48,0,2,1,6,30,2,1,3,23631,2,6,1,1138,0,12,3,3,2,1,0
63,0,2,0,10,36,7,1,4,5747,0,0,1,325,3,12,3,3,2,4,0
44,0,1,0,1,46,6,2,2,22957,1,3,3,991,6,12,4,3,2,4,0
55,0,2,3,1,28,8,1,3,16392,2,6,1,1476,0,11,3,3,0,3,1
43,1,2,0,28,50,2,1,3,22422,5,2,2,1322,4,11,3,3,2,4,2
57,1,3,0,25,40,4,2,4,17235,7,2,3,299,2,12,3,3,2,4,2
64,1,3,0,5,52,7,2,3,21534,7,2,3,1030,9,19,2,3,2,2,2
95,1,2,2,17,30,1,1,4,25927,3,2,4,634,1,23,3,4,2,2,0
32,0,2,0,18,39,7,2,2,13352,4,6,1,524,0,11,3,3,2,1,2
57,1,3,1,2,31,8,0,4,8935,7,5,1,587,1,19,2,3,0,4,2
40,0,3,0,10,41,2,2,2,22074,7,4,1,256,1,13,3,3,0,3,0
54,1,3,0,1,31,2,2,3,8319,8,2,1,1060,1,11,4,3,1,4,2
89,0,2,0,3,44,2,1,3,14669,2,4,3,935,4,12,4,3,2,1,1
37,1,2,0,2,42,8,1,1,26582,3,3,4,495,0,13,2,3,0,3,2
58,0,2,1,2,55,9,1,2,6992,3,5,4,282,4,14,3,3,2,4,1
99,0,1,0,8,56,3,2,4,4022,3,4,1,206,6,14,3,3,2,4,1
74,0,2,1,16,40,2,0,2,8532,6,0,2,458,9,16,3,3,0,3,1
86,0,2,1,9,34,7,0,3,5494,0,0,4,943,0,11,2,3,2,4,1
98,0,2,0,2,40,8,2,3,22455,6,4,3,523,1,13,3,3,2,3,1
66,0,3,1,1,41,3,0,3,4297,7,2,4,1018,0,17,3,3,1,3,1
87,1,2,0,4,35,6,2,4,2690,6,3,2,482,1,11,3,3,1,3,0
84,1,1,1,5,51,9,0,3,17588,3,2,2,770,1,11,3,3,2,3,2
31,0,3,1,2,38,7,0,2,19461,7,3,4,1009,3,15,3,3,2,2,0
66,0,3,0,15,34,8,2,2,23553,7,6,4,507,1,12,4,3,2,3,2
67,0,2,3,19,25,2,1,1,9075,2,6,3,882,3,11,2,3,2,4,1
53,1,2,0,7,58,9,1,4,12023,4,0,4,601,7,14,2,3,2,3,2
88,0,2,1,1,40,2,1,4,6762,2,3,3,329,3,22,3,4,2,2,1
83,0,3,1,7,36,7,1,3,2261,7,2,4,607,2,16,2,3,1,1,1
54,0,2,0,4,48,9,2,3,18706,4,2,3,855,1,11,3,3,2,4,0
98,0,3,1,11,27,0,1,3,6527,8,4,2,1291,8,14,3,3,2,3,1
82,0,2,0,11,51,2,2,2,24439,4,1,2,1405,3,16,2,3,2,4,1
97,0,2,0,1,18,0,2,3,19305,2,5,3,1124,1,15,4,3,0,4,1
60,0,2,1,1,35,7,1,3,10846,2,0,2,817,0,12,3,3,2,4,1
43,0,3,0,2,27,2,2,1,20392,7,3,2,793,3,20,3,4,1,4,0
85,1,3,0,13,55,7,2,4,9277,7,2,3,267,6,17,2,3,2,1,2
68,1,2,1,23,56,16,1,3,18235,4,0,1,1369,4,12,3,3,2,4,2
92,0,2,3,26,34,4,0,1,15891,6,2,3,999,1,20,3,4,0,1,1
89,0,2,3,2,40,11,0,1,13888,0,0,2,1202,5,20,3,4,2,2,1
86,0,2,2,29,34,7,1,3,17491,2,1,1,285,4,13,3,3,2,2,0
90,0,3,0,2,31,0,2,3,11882,8,3,3,703,7,14,4,3,1,3,1
67,1,3,1,18,35,2,1,4,23288,7,0,3,662,0,18,2,3,1,4,2
57,0,2,3,7,38,2,0,3,15748,6,2,4,693,1,11,3,3,1,4,1
98,0,2,0,2,34,11,2,4,6163,0,2,4,404,1,11,4,3,2,3,1
48,0,3,1,26,28,3,1,3,24232,7,0,3,736,1,11,3,3,2,3,2
98,1,2,2,22,31,2,1,4,21057,4,3,4,330,1,15,2,3,2,4,2
44,1,3,2,21,39,4,1,4,3567,7,2,4,1498,3,12,4,3,2,1,2
52,0,3,0,2,51,2,1,3,15395,7,5,2,541,2,11,3,3,1,2,0
75,1,2,2,22,41,2,0,3,13953,6,4,1,1200,3,14,2,3,1,4,2
54,1,2,0,4,37,4,1,1,5182,6,2,4,1439,7,15,3,3,2,3,2
61,0,3,0,5,33,4,1,1,19293,7,2,1,1111,6,13,4,3,1,2,0
36,1,3,3,2,32,2,1,1,20497,7,3,1,499,0,13,2,3,2,3,2
71,0,2,1,25,39,4,1,2,3449,0,2,2,1485,3,21,3,4,0,3,0
93,0,3,0,18,25,2,1,1,12477,7,3,2,1372,2,11,2,3,2,1,0
59,1,2,1,28,52,3,1,2,9731,4,3,2,322,2,11,2,3,1,4,2
73,1,2,0,6,43,7,2,3,20003,6,3,1,930,1,14,1,3,2,1,2
98,1,3,0,10,27,2,1,3,7100,7,3,4,205,1,11,3,3,2,4,2
51,1,2,0,17,27,2,2,4,25681,6,2,4,135,1,13,3,3,2,4,2
36,0,2,0,2,26,3,2,1,4050,6,2,4,683,0,12,3,3,2,1,0
31,0,1,1,10,42,7,1,3,16616,3,5,3,1147,0,14,3,3,2,3,0
54,0,2,0,8,52,4,1,4,17363,2,2,3,258,9,13,1,3,2,3,1
94,0,2,0,11,37,2,2,3,19106,2,6,1,1462,4,18,3,3,2,1,1
60,0,2,0,18,35,2,2,2,19944,4,2,3,200,2,11,3,3,1,3,0
81,0,2,1,1,25,2,1,3,4910,2,2,2,949,4,11,2,3,2,1,1
100,0,2,0,7,26,7,2,3,23577,2,2,4,652,0,12,3,3,2,3,1
51,0,1,0,17,29,9,2,3,9769,1,3,1,332,1,13,2,3,2,2,2
97,0,2,0,28,49,3,2,2,22710,2,2,1,1475,3,20,3,4,1,1,0
84,1,2,0,14,29,7,2,1,22930,0,1,1,337,0,12,3,3,1,3,2
54,0,2,0,1,54,7,2,3,5652,5,3,4,971,6,19,2,3,2,4,0
76,1,2,1,1,58,8,1,3,22456,5,3,3,1055,3,21,3,4,2,4,0
81,0,2,2,1,55,7,0,4,12414,5,4,4,1136,2,13,4,3,2,2,1
99,1,3,0,3,36,4,2,4,20763,7,3,4,1174,3,16,3,3,2,1,2
50,0,3,0,1,31,0,2,4,16154,8,3,2,667,1,12,3,3,1,2,0
73,0,3,2,7,30,2,0,4,12761,7,3,2,855,7,14,3,3,2,4,1
93,0,2,0,8,31,2,2,5,8847,5,3,3,182,3,11,4,3,2,1,1
91,0,2,2,1,34,3,0,4,20284,6,2,3,560,5,14,3,3,1,4,1
34,0,2,0,8,31,0,2,3,22262,6,3,3,202,1,12,4,3,2,1,0
91,0,2,0,11,27,0,1,1,7679,2,3,2,1377,0,14,4,3,2,2,1
37,0,2,0,4,36,4,2,4,22604,2,2,3,172,1,16,2,3,2,1,0
98,0,3,2,16,36,2,1,4,13494,7,3,1,329,4,13,2,3,2,3,1
74,0,2,1,1,47,5,1,3,10205,6,2,3,465,7,12,2,3,2,1,1
68,0,3,0,9,25,2,1,2,15182,8,2,1,383,3,12,3,3,2,1,0
84,0,2,0,5,37,5,2,2,25470,2,2,1,1413,0,14,1,3,0,3,1
90,0,2,1,1,56,2,1,2,10494,6,3,4,1255,2,22,4,4,2,1,1
82,0,2,2,2,47,17,1,4,26703,5,2,2,359,3,19,4,3,2,1,1
42,1,3,2,4,24,4,1,1,15211,7,3,3,1476,1,12,3,3,2,4,2
97,0,3,1,7,32,3,1,5,23343,7,3,3,601,4,12,2,3,2,4,1
86,0,2,1,1,34,4,1,3,3708,2,2,1,401,5,17,2,3,2,4,1
90,1,2,0,5,41,2,1,5,5561,6,5,1,1283,2,12,2,3,2,2,0
81,0,2,2,9,40,7,0,4,23099,2,2,3,663,3,11,4,3,0,3,1
31,0,3,1,8,31,7,0,2,8386,7,5,1,326,1,18,3,3,2,1,0
52,0,3,1,9,46,7,0,3,15986,7,1,1,377,4,11,4,3,2,1,0
54,1,2,0,2,39,0,2,3,17181,2,2,2,592,2,23,4,4,0,1,2
100,0,2,0,1,31,8,2,5,8931,4,2,1,1445,1,11,3,3,1,3,1
95,1,2,1,20,45,7,0,3,19863,0,2,2,1038,2,18,3,3,2,2,2
96,0,1,0,8,31,2,2,2,24609,1,3,4,1398,9,18,3,3,2,4,1
94,1,2,1,2,31,2,1,3,21081,2,2,3,523,6,13,1,3,1,2,0
55,1,2,2,29,45,1,1,3,14720,4,4,4,1448,4,18,4,3,2,2,2
96,0,3,3,7,48,2,0,3,24795,7,3,1,1221,4,11,3,3,2,3,1
52,0,1,0,9,34,2,1,4,3072,1,0,4,1107,1,15,3,3,2,1,0
55,0,2,1,8,40,8,0,1,25178,5,5,3,218,2,11,3,3,0,4,1
84,0,3,0,5,28,4,2,3,23490,7,4,4,866,0,18,3,3,2,4,0
90,0,2,0,5,44,2,2,3,7973,2,5,4,981,3,14,3,3,0,3,1
39,0,2,0,2,53,8,2,3,19764,5,2,2,447,4,12,2,3,2,4,0
96,0,2,1,5,49,2,1,4,21534,0,0,2,1495,2,14,2,3,2,1,1
68,0,2,1,2,40,1,0,3,8045,6,3,3,896,2,14,4,3,2,3,1
49,0,2,0,20,44,2,2,3,21158,6,3,3,1467,1,13,2,3,2,4,2
54,0,3,2,7,33,3,1,3,17456,7,2,1,430,0,14,3,3,1,4,1
81,0,3,0,3,34,9,2,3,15891,7,2,4,1326,3,18,3,3,2,4,0
96,0,3,2,16,30,1,1,1,2939,7,2,3,1358,8,15,2,3,2,4,1
74,0,2,0,9,42,9,2,2,16458,2,3,3,748,1,13,3,3,1,1,1
79,0,3,1,1,44,0,1,5,9282,7,4,3,383,7,12,2,3,1,1,1
64,0,2,2,7,30,0,0,3,7152,6,2,2,990,1,13,2,3,0,3,1
93,0,2,1,1,57,9,1,2,2721,6,2,1,405,0,24,2,4,2,2,1
35,0,2,2,7,49,7,0,4,20948,0,3,2,1490,3,14,3,3,2,3,1
71,0,2,2,15,34,8,0,3,11929,5,3,4,829,7,14,2,3,1,2,1
92,0,3,1,1,28,2,1,3,15747,8,3,4,1496,3,15,4,3,1,1,1
51,0,3,0,13,29,3,2,3,17485,7,4,1,115,5,11,1,3,1,1,2
40,1,3,0,24,34,9,2,4,7815,7,2,3,790,0,23,4,4,2,1,2
76,0,3,1,7,35,0,1,1,16192,8,3,1,660,1,13,3,3,2,4,1
89,1,2,0,9,24,0,2,3,16998,2,2,3,381,2,11,2,3,1,2,0
78,0,3,1,13,24,0,1,2,7103,8,2,3,830,1,13,3,3,0,4,0
86,1,2,0,2,44,2,2,1,19719,4,2,2,1193,5,18,2,3,1,2,0
77,0,3,2,19,29,7,0,3,23757,7,3,3,1246,1,14,3,3,2,3,0
46,0,1,1,1,30,3,0,3,15428,1,3,1,330,0,21,4,4,2,3,0
30,1,2,0,4,55,2,1,4,16143,0,2,2,1229,0,16,3,3,2,4,2
82,0,2,0,4,33,4,1,4,8192,2,5,4,1099,8,11,3,3,2,1,1
78,1,3,1,14,47,4,1,3,24200,7,4,3,571,3,17,2,3,2,3,2
38,0,2,0,2,28,0,2,2,5355,2,2,3,289,7,11,2,3,1,3,0
72,0,2,1,1,28,0,0,3,12530,6,2,4,1423,1,14,1,3,2,1,1
55,0,3,0,7,28,2,2,3,11827,7,5,4,467,0,14,3,3,1,3,0
43,0,2,1,3,49,2,1,2,23070,2,3,1,271,4,25,3,4,2,3,1
97,0,2,3,2,29,2,1,1,4668,2,3,3,410,0,13,3,3,1,4,1
96,0,2,2,29,28,6,1,1,3173,4,2,2,1083,1,14,2,3,2,3,1
69,1,2,0,8,33,0,2,5,22049,0,6,1,516,2,17,3,3,2,4,2
64,0,2,0,10,32,2,2,3,21072,3,5,2,495,2,25,4,4,2,3,1
87,0,2,1,11,54,9,0,4,24456,3,2,1,1050,3,20,3,4,1,2,1
100,0,2,0,1,29,7,2,4,7568,6,2,3,224,6,13,1,3,2,1,1
32,0,2,1,28,44,6,1,3,22074,5,1,3,136,3,13,4,3,2,4,2
32,0,2,0,6,39,0,2,3,9150,4,3,4,1089,4,18,3,3,2,2,0
51,0,3,1,3,46,12,1,3,11380,3,2,4,228,8,12,4,3,2,3,0
91,0,2,0,16,35,8,2,3,21195,0,3,4,1029,1,19,1,3,2,4,1
97,0,2,0,20,23,3,2,1,24812,2,2,2,507,0,14,3,3,2,1,0
86,0,2,0,9,40,4,2,4,21831,2,3,2,676,3,14,1,3,2,4,1
64,1,3,0,1,34,9,1,3,12288,7,3,4,971,1,14,3,3,2,4,2
33,0,2,0,3,31,2,2,3,4156,6,2,1,561,1,12,1,3,1,4,0
88,1,2,0,22,50,6,2,5,24450,5,2,4,333,1,13,3,3,1,3,2
55,1,3,1,7,34,10,1,2,4944,8,4,2,1440,0,25,3,4,2,2,2
68,0,2,1,2,42,0,1,3,24052,2,3,2,1210,4,14,3,3,2,3,1
47,0,2,0,13,37,8,1,3,3031,6,2,1,674,1,17,3,3,2,1,2
39,0,2,1,8,29,7,1,1,7288,0,3,3,441,3,13,3,3,2,3,0
44,0,2,0,25,33,3,2,3,24152,4,2,4,575,1,13,3,3,2,4,2
97,0,2,1,28,45,4,1,3,4585,6,3,4,950,4,20,3,4,2,4,1
40,1,2,1,2,42,8,1,3,18611,0,3,3,288,2,14,1,3,1,4,2
47,0,3,0,9,40,4,1,2,19345,7,5,4,1342,0,12,4,3,2,1,0
79,1,2,1,28,33,14,1,4,22949,2,3,2,589,1,12,3,3,2,2,2
38,1,1,0,6,40,7,2,2,17381,3,2,4,898,1,21,3,4,2,3,2
57,0,2,3,21,24,1,0,2,10036,2,3,2,350,0,14,3,3,2,3,0
72,1,2,0,8,40,2,0,2,8841,0,2,3,1142,3,18,3,3,0,4,2
66,0,2,3,1,45,8,0,4,20933,0,4,1,538,1,12,3,3,2,1,1
98,0,3,2,28,35,3,1,4,26204,8,5,1,1402,0,23,3,4,2,2,1
67,0,2,1,5,32,1,1,2,15624,6,2,1,824,3,12,3,3,2,4,1
70,1,3,0,2,36,2,2,4,17001,8,3,4,1157,3,21,2,4,2,3,2
96,0,3,1,16,48,7,0,4,13693,7,2,3,492,8,14,3,3,2,3,1
91,0,2,2,9,29,0,1,3,22376,6,2,1,598,6,18,2,3,2,3,1
46,0,3,1,8,33,2,1,4,10589,7,6,4,1242,2,13,1,3,2,1,0
64,0,3,1,1,30,8,1,3,5323,7,4,4,740,1,11,3,3,2,2,0
71,0,1,0,10,38,3,1,4,14814,1,2,3,888,3,11,3,3,1,3,0
68,0,2,0,1,35,0,2,3,21731,2,3,2,992,1,19,3,3,2,4,1
33,0,3,1,29,30,2,1,4,17799,7,3,2,1288,3,12,3,3,2,3,2
69,1,2,1,2,35,0,0,3,26619,2,2,4,104,1,12,3,3,2,1,0
78,0,2,1,2,53,7,1,5,14618,4,4,2,607,0,16,3,3,2,3,1
81,0,2,2,2,38,2,1,3,7653,4,2,1,903,4,11,3,3,2,3,1
62,0,2,1,1,32,5,1,4,25174,6,3,2,1200,4,14,2,3,0,4,1
65,0,2,1,15,48,2,1,4,16530,6,3,4,1108,8,12,2,3,2,3,0
35,0,2,0,7,34,0,2,4,22061,6,4,3,479,1,13,1,3,2,1,0
60,0,3,1,26,55,6,1,5,23037,3,3,3,685,1,21,3,4,2,3,2
45,0,2,1,1,34,2,1,4,13008,6,3,2,1351,9,17,2,3,2,2,0
89,0,2,0,3,26,0,1,3,11133,6,5,1,474,1,21,3,4,2,1,1
80,0,3,1,14,38,8,1,3,12355,7,3,4,1245,0,11,3,3,2,3,0
90,0,3,0,16,38,2,2,3,16379,7,5,2,437,2,12,4,3,2,2,0
73,0,3,0,1,36,0,2,4,21447,7,5,1,884,6,13,3,3,2,2,0
87,1,2,0,3,29,9,2,1,16213,2,3,4,1370,1,18,3,3,2,2,0
51,1,2,0,10,35,2,2,4,4223,0,4,3,670,3,16,3,3,2,1,2
38,0,3,1,6,39,6,1,3,4658,7,3,1,1462,2,11,3,3,2,4,0
87,0,2,1,2,29,4,0,1,24483,0,0,4,995,1,19,4,3,1,1,1
59,1,3,1,9,50,0,1,3,19519,3,2,3,264,4,16,3,3,2,3,2
45,0,2,1,10,23,2,1,3,12826,6,2,4,977,2,16,3,3,2,4,0
80,1,2,1,6,36,2,1,4,19711,2,3,4,1302,3,13,3,3,1,1,0
93,0,2,0,9,42,0,2,2,26362,3,2,4,1059,8,22,3,4,2,4,1
46,0,2,2,28,35,9,1,3,25348,2,3,4,750,1,17,2,3,2,2,2
92,0,2,1,10,34,2,1,4,15332,0,3,2,653,1,14,2,3,1,4,1
84,0,3,1,14,40,4,1,2,11262,7,2,3,118,1,15,3,3,2,4,0
87,0,2,1,27,43,4,0,3,5855,2,0,3,990,5,12,3,3,2,4,0
63,0,2,1,7,35,0,1,2,7713,2,5,4,1349,1,18,2,3,2,3,1
56,0,3,0,1,46,0,2,4,3156,3,5,2,563,1,15,1,3,2,4,0
51,1,2,3,24,28,1,1,3,7324,2,3,3,329,1,17,3,3,2,3,2
85,1,2,0,26,22,2,1,2,10293,6,2,2,457,1,14,2,3,0,2,2
41,1,2,1,20,50,8,1,5,20689,0,3,3,1234,2,15,3,3,1,2,2
35,0,2,2,5,32,2,1,4,18783,6,3,4,634,3,17,3,3,2,2,0
31,1,2,1,7,44,7,0,3,3549,5,4,4,1313,0,14,2,3,2,2,2
48,0,2,1,7,30,4,1,3,5348,6,3,2,241,1,12,2,3,2,2,0
50,1,2,0,5,45,7,2,5,23447,2,3,1,1015,1,14,3,3,2,3,2
52,0,3,1,26,45,7,1,3,24162,7,2,1,336,1,15,3,3,0,1,2
54,0,3,0,2,31,2,2,4,21602,7,3,4,715,7,13,3,3,1,4,0
76,1,2,2,12,36,2,1,4,12421,4,2,2,559,9,12,3,3,2,3,0
42,0,2,1,10,34,7,0,4,17000,4,3,1,426,1,13,3,3,1,3,0
84,0,2,1,25,49,6,1,4,22102,2,3,4,722,1,14,2,3,2,3,0
76,0,2,3,10,39,7,1,5,3835,4,3,4,1387,2,13,3,3,2,2,1
67,0,2,2,19,27,7,0,3,16290,2,3,1,1302,1,11,3,3,2,4,0
48,0,2,0,18,35,15,1,5,26312,6,2,4,819,1,11,3,3,2,2,2
39,0,2,1,27,28,3,0,3,20460,4,5,2,580,0,21,2,4,2,2,2
97,0,2,0,5,21,2,2,1,26009,6,2,3,546,1,18,3,3,2,3,1
70,1,3,0,3,18,0,2,2,18420,8,2,3,544,1,12,4,3,1,2,2
98,0,1,1,26,47,2,1,4,5220,3,2,3,1176,3,11,3,3,2,4,0
76,0,2,1,3,39,8,0,2,10302,2,3,4,170,0,15,3,3,2,3,1
80,0,2,2,15,40,15,1,3,25800,4,2,4,884,1,13,3,3,2,1,1
52,0,2,1,8,35,11,1,4,12250,0,5,4,208,1,12,3,3,0,3,0
85,0,2,3,19,37,3,1,3,26493,4,2,1,671,3,17,2,3,2,3,1
81,0,2,0,4,39,2,2,3,3140,4,2,4,711,0,13,1,3,1,1,1
59,0,2,2,2,45,7,0,2,5388,4,3,1,1329,1,19,3,3,2,4,1
54,1,2,1,2,38,4,1,2,14199,4,6,4,397,3,19,4,3,2,4,2
55,0,3,0,10,35,12,1,3,21530,7,3,3,737,9,17,3,3,2,4,2
71,0,2,1,10,37,4,1,3,9953,6,2,1,1470,1,11,1,3,2,2,1
84,1,2,0,16,40,2,2,3,19948,4,2,4,448,6,15,2,3,2,3,2
37,1,1,0,1,44,7,1,5,10503,1,3,3,602,4,11,3,3,1,1,2
89,0,2,1,4,48,2,1,5,5602,3,3,2,365,2,25,3,4,1,3,1
59,1,3,2,15,35,2,0,2,22098,7,2,4,763,6,14,2,3,2,1,2
32,1,2,0,2,24,3,2,1,17218,6,2,3,567,1,13,3,3,1,1,2
86,0,2,0,8,27,2,1,3,22490,6,0,1,486,7,17,3,3,2,2,1
87,0,2,0,2,27,2,2,3,6297,6,0,3,591,2,13,2,3,1,4,1
73,1,2,0,7,40,2,2,3,3339,2,3,2,1329,3,14,1,3,2,1,2
42,0,3,0,10,29,2,2,3,23413,7,2,3,469,9,11,3,3,2,3,0
42,0,2,2,5,36,2,1,4,22792,0,6,3,711,4,12,3,3,2,2,1
77,0,2,2,2,25,7,0,1,4973,4,6,3,772,1,17,3,3,1,4,1
66,0,2,0,12,39,4,1,3,7693,4,3,3,492,4,21,3,4,2,4,0
72,0,2,2,22,49,2,1,4,3498,5,2,2,301,3,16,3,3,2,1,0
50,0,2,3,17,50,11,0,5,21981,5,3,3,813,5,15,3,3,2,4,1
31,0,3,0,2,20,2,2,3,13251,8,3,1,1141,1,19,3,3,2,3,2
66,0,2,1,3,34,8,0,3,19332,6,2,3,1130,1,12,3,3,2,4,1
77,0,2,0,7,36,3,2,3,10950,2,4,3,311,2,11,3,3,2,1,1
41,1,2,1,6,49,11,1,1,11652,0,3,2,465,2,19,3,3,2,3,2
33,0,2,0,1,36,2,1,4,15411,4,6,3,894,0,15,3,3,0,4,0
79,0,2,1,3,36,4,0,2,26308,0,3,1,1040,6,20,3,4,2,4,1
91,0,2,1,22,54,8,1,5,18685,3,6,3,584,3,25,3,4,2,2,1
65,0,2,1,15,43,10,1,2,3525,5,3,1,1291,1,24,3,4,2,3,0
36,1,3,0,12,35,9,2,4,10414,7,2,1,880,3,24,4,4,1,4,2
90,0,2,2,1,38,11,1,3,9867,6,4,4,1189,7,15,4,3,1,4,1
43,1,3,1,5,29,0,0,3,3356,7,3,2,991,1,13,2,3,2,1,2
93,0,3,2,2,33,2,0,4,3921,7,5,3,392,1,14,3,3,2,4,1
45,0,2,2,2,32,5,0,3,25518,6,4,3,977,0,13,2,3,2,4,1
67,0,3,2,5,31,0,1,4,22589,7,2,1,1112,1,11,3,3,2,1,1
74,1,2,1,16,49,2,0,3,24941,2,2,2,464,4,16,2,3,2,4,2
42,0,2,0,2,38,3,2,3,23826,2,3,2,148,1,22,3,4,1,4,0
47,0,3,3,2,47,2,0,4,21086,3,2,3,1225,6,14,3,3,2,2,1
36,0,2,0,1,49,7,2,3,22384,3,2,1,809,4,14,3,3,2,3,0
80,1,3,0,23,41,0,2,2,11591,7,2,4,1206,3,16,3,3,2,4,2
54,0,3,0,9,20,2,2,1,21082,8,3,1,727,1,11,3,3,2,4,0
36,1,3,1,16,33,5,0,3,16130,7,2,3,530,1,25,3,4,0,3,2
80,0,2,2,26,36,2,1,4,7419,0,2,2,1351,6,14,2,3,2,1,0
44,1,1,3,1,44,2,0,3,4167,1,2,1,528,4,18,3,3,2,3,2
93,1,2,0,8,23,4,2,1,20586,2,2,1,1320,1,11,3,3,2,4,0
87,0,2,1,4,38,0,1,2,26176,2,5,4,1495,7,19,2,3,2,4,1
48,0,2,0,24,53,3,1,4,3458,0,2,3,1395,3,15,3,3,2,2,2
95,1,3,2,7,48,7,1,2,11740,8,3,3,708,2,11,3,3,1,4,2
95,0,2,0,2,32,0,2,4,24852,2,2,1,1259,1,12,3,3,2,4,1
76,0,2,0,7,26,7,2,3,11925,2,5,3,786,1,20,3,4,0,4,1
94,0,2,1,22,55,2,0,3,23737,6,1,4,1441,5,12,3,3,2,1,1
57,0,2,1,5,34,10,1,2,11912,2,3,3,1157,1,14,4,3,2,2,1
92,0,2,1,1,60,0,0,4,20467,0,2,3,370,3,20,4,4,2,3,1
79,0,2,3,21,33,11,1,3,13637,2,6,4,267,1,18,3,3,2,2,0
31,0,3,2,1,37,3,0,4,7677,7,2,3,1278,1,14,2,3,1,3,0
35,0,2,0,19,34,9,1,3,20338,6,3,2,678,1,12,3,3,2,2,2
99,1,3,1,7,23,2,0,3,25103,8,2,2,427,1,21,3,4,2,3,2
96,1,2,1,2,44,7,1,3,14810,0,2,2,921,1,19,3,3,2,3,1
79,1,2,0,2,35,4,2,4,13970,6,2,3,146,0,14,4,3,1,1,0
73,1,3,1,2,43,9,1,3,6069,7,3,1,1179,1,17,3,3,2,4,2
62,0,2,1,9,24,3,1,3,17616,6,1,4,581,1,16,3,3,2,3,1
35,0,3,0,6,41,8,2,3,15869,7,3,2,918,1,12,3,3,2,4,2
43,0,2,1,9,29,3,1,4,25412,2,2,3,1082,9,17,3,3,2,4,0
51,0,3,0,2,36,7,2,4,7439,8,2,3,530,3,15,2,3,2,3,0
74,0,2,1,1,45,15,1,1,3395,0,3,4,1238,3,23,2,4,0,3,1
58,0,1,1,22,24,0,1,1,11585,1,2,3,240,1,11,3,3,2,4,2
82,0,3,0,9,47,5,1,3,24164,7,3,3,1093,7,11,1,3,1,3,0
62,0,2,3,17,26,2,1,4,6217,2,3,3,390,1,15,4,3,2,4,1
48,0,2,0,28,45,6,2,2,17119,5,2,3,1005,1,11,3,3,2,4,2
56,0,2,1,10,32,2,1,3,17360,6,3,1,585,6,13,2,3,1,1,1
69,0,2,1,2,31,2,1,4,18103,2,2,4,741,1,14,4,3,2,2,1
60,0,1,1,4,41,2,1,3,20794,1,4,2,552,6,19,3,3,0,3,0
92,1,2,1,8,40,0,1,2,5041,4,3,2,369,2,16,3,3,2,2,0
91,0,2,3,29,24,2,0,1,3622,2,2,2,506,1,13,4,3,2,2,1
34,0,2,0,13,46,7,2,4,9697,0,3,4,717,6,14,3,3,2,3,2
49,0,2,1,27,35,7,1,4,5151,4,3,2,1370,2,16,3,3,2,4,2
33,0,2,1,16,30,0,1,1,3811,6,2,2,793,1,12,2,3,2,2,2
87,0,3,1,2,47,0,1,4,3536,7,3,4,543,7,11,1,3,0,3,1
74,1,3,1,2,46,6,0,3,5596,7,5,2,1277,4,12,2,3,2,3,2
96,1,3,3,13,36,2,0,5,8658,7,3,2,1456,5,13,3,3,2,2,2
34,0,3,0,1,32,0,2,2,12147,7,2,2,964,6,15,3,3,2,1,2
51,0,2,0,4,23,2,2,1,12862,2,3,3,160,1,13,1,3,2,3,0
30,0,2,0,24,31,4,2,1,6670,4,3,4,163,2,20,2,4,1,4,2
77,1,2,1,1,39,8,1,3,8989,2,2,4,792,1,15,3,3,0,4,0
80,0,3,1,19,32,3,1,3,3840,7,2,3,371,3,13,1,3,2,4,0
88,0,3,0,7,40,8,2,4,4349,3,3,2,611,1,14,2,3,2,2,0
56,0,1,2,4,45,0,1,3,6595,1,2,3,176,4,21,4,4,2,3,1
78,0,2,0,2,30,7,2,4,26427,6,2,4,1312,0,16,3,3,1,4,1
59,0,1,1,10,24,2,1,3,2097,1,2,4,897,0,14,3,3,1,1,0
66,0,1,1,8,30,2,0,3,9732,1,0,3,600,6,11,2,3,1,3,1
51,0,3,1,5,31,2,1,3,20943,7,3,3,1003,1,19,3,3,2,1,0
67,0,2,0,8,27,2,2,3,6152,6,5,3,1054,1,11,2,3,2,3,1
52,0,3,0,9,29,2,2,3,14630,8,3,3,428,1,13,3,3,2,2,0
70,1,2,0,1,29,2,2,3,23060,0,5,4,461,8,12,4,3,1,4,2
94,0,3,1,15,30,7,0,2,3088,7,2,1,979,2,11,3,3,2,3,0
97,1,2,3,2,34,0,1,4,5586,6,3,1,181,0,14,3,3,2,4,1
62,0,3,0,2,33,7,2,3,10697,7,2,4,1283,8,15,2,3,0,4,0
80,0,3,0,11,49,1,2,4,8191,7,1,3,1313,3,12,4,3,2,4,0
74,1,3,0,16,33,0,2,3,10092,7,2,3,211,2,20,2,4,2,1,2
75,0,2,1,2,38,1,1,2,15963,2,4,2,594,4,14,2,3,1,3,1
70,0,3,3,16,31,0,1,4,19002,7,2,1,1079,2,13,3,3,2,1,1
91,0,2,1,4,29,0,0,3,10007,6,2,3,590,1,13,3,3,2,4,1
58,0,2,1,16,30,0,1,3,9128,0,3,3,305,3,16,3,3,2,3,0
65,0,2,0,5,32,7,2,4,17674,6,3,2,953,2,14,3,3,0,2,0
60,1,2,1,18,38,0,1,3,24539,0,2,3,833,3,16,3,3,2,2,2
38,1,2,1,17,43,0,1,3,15587,6,4,4,807,9,16,3,3,1,3,2
57,0,2,3,12,42,3,0,3,8952,2,6,2,855,8,22,2,4,2,2,1
60,0,2,3,2,55,0,1,3,19805,5,2,2,478,8,12,3,3,2,3,1
90,0,2,2,4,33,8,0,3,6194,6,2,4,775,5,15,2,3,0,4,1
94,0,2,2,9,41,3,0,4,20520,2,2,2,548,1,20,3,4,2,3,1
87,1,3,1,10,34,14,0,3,12313,7,3,3,1375,1,14,3,3,0,4,2
60,1,2,3,1,53,2,1,4,22308,4,2,4,661,4,20,2,4,0,1,0
97,0,1,0,2,43,7,2,3,5033,1,5,2,244,0,13,3,3,2,2,1
32,0,3,0,3,34,2,2,2,25353,7,3,1,511,5,12,3,3,2,4,2
31,0,3,0,7,21,0,2,1,4567,8,3,2,337,1,13,3,3,2,2,2
40,0,2,1,6,38,4,1,2,16376,2,3,2,1153,1,11,3,3,2,4,0
79,1,2,0,8,22,0,1,1,15999,2,6,3,1294,1,17,3,3,2,3,2
91,0,3,2,29,31,7,1,4,13402,7,3,1,196,1,14,3,3,2,1,0
53,0,2,0,3,51,2,1,3,22984,3,2,4,942,2,11,3,3,2,1,1
46,0,3,2,9,37,2,1,2,8800,7,2,1,589,1,14,3,3,2,2,1
46,1,2,1,2,46,1,0,4,14218,5,3,3,734,7,17,3,3,2,3,2
90,1,2,1,10,36,8,1,3,25949,0,1,4,1383,7,13,3,3,2,4,0
99,1,2,3,1,44,3,0,2,11092,6,2,3,429,1,12,2,3,1,3,1
89,0,1,0,8,37,0,0,2,12832,1,4,3,1239,2,13,2,3,2,3,1
84,1,3,0,27,35,7,2,3,13492,7,2,4,303,1,18,3,3,2,3,2
90,0,2,1,8,33,8,1,4,6076,6,1,2,867,6,19,3,3,2,4,1
82,0,2,1,1,28,3,1,3,5531,6,6,3,1181,1,11,4,3,2,3,1
65,0,2,0,10,39,3,2,1,7914,5,3,3,1253,7,21,3,4,2,3,1
98,0,3,0,26,46,2,2,2,25166,7,3,3,849,8,15,3,3,0,2,0
99,0,2,1,2,40,3,1,2,25605,2,5,4,616,4,17,2,3,2,3,1
95,0,2,2,13,42,0,1,3,5696,0,2,3,1128,5,18,2,3,2,2,1
90,0,2,1,2,35,7,0,2,24442,4,6,3,1180,2,14,3,3,0,2,1
100,0,1,3,2,38,10,0,3,7129,1,3,4,1336,5,13,3,3,0,1,1
93,0,2,1,9,34,1,1,4,6208,2,3,3,234,4,17,2,3,1,4,1
58,0,2,0,10,37,3,2,4,4992,4,4,2,370,1,15,1,3,2,4,0
83,0,3,1,20,39,1,0,3,19188,7,6,4,766,2,18,3,3,1,3,0
52,0,2,0,9,43,2,2,3,24978,6,2,3,343,4,13,2,3,0,1,0
85,0,2,0,5,41,2,2,3,15530,0,3,1,447,3,12,1,3,2,2,1
81,1,3,1,4,41,14,0,1,26458,7,3,4,796,0,13,4,3,2,3,2
64,0,2,0,10,30,7,2,3,2739,4,3,2,1092,9,14,3,3,2,1,0
69,1,1,0,20,26,1,1,2,6889,1,3,3,920,0,11,3,3,2,4,2
66,0,2,1,21,46,7,1,2,10842,0,2,4,261,4,22,4,4,2,4,0
52,0,2,1,1,40,3,0,3,9060,0,3,4,1194,4,17,3,3,2,3,1
92,0,3,2,8,34,8,1,2,22128,7,5,3,810,1,21,3,4,2,2,1
52,0,3,1,2,58,9,0,3,22577,3,0,4,350,4,22,2,4,0,2,0
91,0,2,1,23,35,4,1,4,9696,2,2,2,185,0,16,4,3,2,2,0
92,1,2,1,4,47,11,0,3,19271,4,4,3,1001,8,12,3,3,2,3,0
47,0,2,1,12,40,4,0,3,10748,0,3,2,750,2,12,3,3,2,2,0
68,0,2,1,7,54,1,1,4,15696,6,2,2,431,4,15,2,3,2,4,1
68,0,3,2,7,31,2,1,4,8277,7,3,4,1125,2,14,3,3,1,1,1
67,0,2,1,1,28,2,1,3,12719,6,3,3,1217,1,25,3,4,2,3,1
77,1,3,2,2,38,2,1,4,4244,8,4,1,723,2,20,2,4,2,2,2
46,0,3,0,10,26,3,2,3,9125,7,4,1,572,1,13,3,3,2,3,0
87,1,2,0,15,58,2,1,4,21624,5,3,2,1216,2,14,3,3,1,1,2
33,0,2,0,14,18,0,2,3,8018,6,4,3,1431,1,16,1,3,0,2,2
89,0,1,0,18,31,0,1,5,21495,1,4,3,359,0,17,3,3,2,4,0
56,1,1,3,13,29,2,0,3,3157,1,3,4,350,4,15,3,3,2,1,2
67,0,3,2,2,45,7,1,4,19665,7,3,2,589,4,22,4,4,0,3,1
73,1,2,1,2,36,0,1,4,19573,6,2,4,430,4,22,3,4,2,4,0
92,0,3,1,2,43,7,1,4,19246,7,5,3,1422,1,20,3,4,1,1,1
53,1,2,0,5,27,4,2,2,19826,2,3,3,1297,0,14,2,3,1,4,2
40,0,2,0,20,29,8,1,1,7003,2,3,2,574,1,13,4,3,1,4,2
79,0,3,0,10,32,0,2,4,26075,7,2,3,1318,8,13,4,3,1,4,0
38,0,2,2,10,42,3,1,4,6161,6,1,2,355,3,22,2,4,0,3,1
64,0,2,0,9,47,2,2,4,5411,2,2,3,207,4,12,3,3,2,2,1
82,0,2,1,2,46,8,0,2,19989,4,4,3,706,3,14,2,3,2,4,1
43,0,1,1,1,28,2,0,2,10494,1,2,2,280,1,15,3,3,0,3,0
93,0,2,2,29,29,0,0,1,21143,0,3,4,726,8,17,3,3,2,4,1
81,0,2,0,8,42,0,2,3,13624,2,3,4,1142,4,13,3,3,2,4,1
82,1,3,0,2,32,2,2,4,26186,7,3,3,414,7,12,2,3,2,3,2
45,0,3,1,3,46,17,0,3,7739,7,5,4,1319,2,12,3,3,2,1,0
36,0,3,1,23,27,8,1,1,7018,8,5,4,728,1,21,3,4,2,2,2
87,0,1,0,6,29,0,1,1,15434,1,3,4,352,1,11,3,3,2,4,1
81,0,2,0,6,43,12,1,3,22539,3,2,4,823,7,13,3,3,2,1,1
91,0,2,0,10,48,10,1,3,13583,5,3,4,1224,4,12,3,3,2,4,1
73,1,2,0,24,29,0,2,2,14753,6,3,2,459,1,24,2,4,1,4,2
64,0,3,3,10,46,7,1,3,14011,7,2,3,1254,5,21,3,4,2,3,1
77,0,2,1,15,27,6,1,3,23844,6,2,4,1131,0,19,2,3,1,4,0
41,0,2,3,19,39,2,0,4,5141,6,2,2,835,8,14,3,3,2,4,0
98,0,2,1,2,55,2,1,4,7975,6,2,2,836,8,20,4,4,2,2,1
78,0,3,1,3,28,0,1,3,3692,8,3,4,1172,1,19,3,3,2,2,1
89,0,3,0,9,30,0,2,3,16019,8,3,3,945,1,13,2,3,2,2,1
75,1,2,0,7,22,0,2,1,26092,6,2,1,391,1,23,3,4,2,4,2
63,1,3,1,10,36,9,1,4,6060,7,4,1,1266,1,13,3,3,2,2,2
89,0,2,1,20,31,8,0,3,18624,2,2,1,311,1,11,3,3,2,2,0
64,1,3,3,4,34,3,1,3,24444,7,3,4,1480,2,13,3,3,2,3,2
59,0,2,0,7,29,2,2,3,19384,2,2,2,592,3,14,3,3,2,4,0
78,1,2,1,7,37,3,1,4,13588,6,2,3,783,5,22,3,4,2,4,0
44,1,2,0,16,35,2,1,2,25388,4,2,4,219,0,11,3,3,2,4,2
93,0,2,2,25,45,8,1,2,23888,4,2,4,556,0,13,2,3,2,2,1
94,0,1,0,2,36,1,2,1,4223,1,2,4,1213,1,21,2,4,1,2,1
98,0,2,1,1,40,7,0,4,18991,3,3,1,1137,2,11,3,3,2,1,1
90,1,2,1,1,26,0,1,2,14908,6,3,3,482,1,13,2,3,2,2,0
89,0,3,0,2,27,7,2,2,26997,7,5,2,511,0,14,2,3,2,1,0
58,0,2,1,22,48,17,0,3,2437,3,3,2,117,3,11,3,3,1,4,2
78,0,2,1,1,44,0,1,4,9364,0,5,4,170,2,15,3,3,2,2,1
85,1,2,1,16,34,2,1,4,14460,6,2,2,967,1,23,3,4,0,4,2
97,0,2,0,24,56,2,2,2,10261,2,3,4,1162,1,16,3,3,2,1,1
33,0,3,2,17,36,2,1,2,16822,7,1,3,335,2,16,1,3,2,3,0
54,0,3,1,8,41,4,1,3,26841,7,3,3,337,5,21,3,4,2,3,0
83,0,2,1,6,42,7,1,3,14842,5,3,2,1396,9,13,4,3,2,3,1
86,1,3,1,10,31,2,0,2,20115,7,2,4,1079,2,11,3,3,2,3,2
75,1,3,0,3,34,2,1,1,16495,7,3,3,735,3,12,2,3,2,4,2
62,0,2,1,4,31,2,0,3,16031,2,0,2,471,8,12,2,3,2,1,1
61,0,2,1,6,26,7,1,3,7102,2,3,1,1096,0,18,3,3,1,3,1
44,0,2,0,1,45,2,2,4,14511,0,3,3,1297,4,12,3,3,1,2,0
43,0,3,0,10,33,4,2,4,10410,7,2,2,217,1,14,2,3,2,2,2
42,1,3,1,1,28,7,1,2,19255,7,2,3,783,1,12,3,3,1,3,2
45,0,3,0,24,29,0,2,3,10642,8,3,4,746,1,17,3,3,1,3,2
32,0,3,1,21,39,2,1,4,3987,7,1,3,1251,6,19,3,3,0,1,2
41,0,2,1,2,27,3,1,4,6073,6,3,3,1354,1,11,2,3,2,2,0
86,1,2,0,22,34,10,1,4,26496,6,3,2,735,1,15,3,3,1,3,2
84,1,3,0,13,28,0,2,2,23352,7,0,4,1475,3,11,3,3,2,4,2
64,0,2,1,14,47,7,1,4,2125,6,4,3,1169,8,18,4,3,0,3,0
89,0,3,1,11,56,0,1,5,20328,7,3,3,1443,4,16,3,3,2,4,1
87,0,2,1,9,39,0,1,2,12315,4,3,4,867,1,25,3,4,2,1,1
58,1,2,1,8,38,11,0,3,18115,6,3,3,1394,1,16,3,3,1,4,2
72,1,3,1,21,58,0,1,3,11761,3,2,3,605,4,13,2,3,2,4,2
47,1,2,0,5,32,1,2,2,15318,6,2,1,238,3,14,3,3,1,1,2
71,0,2,2,9,38,2,0,2,14293,6,0,4,1206,2,19,4,3,2,2,1
42,0,2,0,2,49,4,1,1,13738,5,3,4,1064,3,15,3,3,1,2,0
77,1,3,2,12,42,0,0,4,2900,7,4,3,419,3,12,3,3,2,2,2
58,0,1,0,22,27,0,1,3,19555,1,2,1,1337,1,12,3,3,1,1,2
71,0,3,1,18,35,3,1,4,15975,7,2,4,682,0,16,1,3,2,2,0
49,0,2,0,16,28,3,2,3,2122,6,3,3,1103,1,14,2,3,0,3,2
48,1,2,1,3,31,2,0,2,3995,6,3,4,976,1,13,4,3,0,3,2
66,0,2,0,9,36,4,1,4,9238,2,3,2,1351,1,22,3,4,0,1,1
32,0,3,0,1,34,8,2,3,6770,7,3,1,937,1,21,2,4,2,1,2
39,0,3,1,13,34,7,0,4,22914,7,2,3,1239,1,18,2,3,2,4,2
95,0,2,0,1,26,7,2,3,20006,2,6,4,157,0,13,2,3,2,3,1
89,0,2,1,1,29,3,1,3,6225,0,5,1,136,0,12,2,3,2,1,1
34,0,2,1,15,32,1,0,4,16542,0,6,2,1146,5,18,3,3,0,3,2
48,0,2,0,1,31,8,1,3,5771,6,6,2,1125,1,21,3,4,1,4,0
32,0,2,1,17,28,1,0,3,18779,2,2,1,1404,5,12,2,3,2,3,2
59,0,3,0,1,38,0,2,3,11473,8,3,1,1404,4,14,2,3,2,1,0
55,1,3,0,7,35,8,1,4,13586,7,2,4,1224,1,11,3,3,2,3,2
44,0,3,0,9,27,7,2,3,5099,7,5,1,954,1,14,3,3,2,4,2
56,0,2,0,5,32,0,2,4,10138,4,1,2,1373,8,24,3,4,2,4,0
63,1,3,0,26,31,7,1,4,21075,7,4,3,754,1,11,3,3,1,1,2
66,1,3,0,24,53,2,2,4,5843,7,2,2,1168,6,13,2,3,2,1,2
67,0,2,2,9,54,3,1,2,22474,6,6,3,155,3,11,2,3,2,1,1
36,0,2,3,7,33,7,0,2,18079,0,2,3,1303,1,20,3,4,1,4,1
30,0,2,1,11,43,9,1,3,16873,0,1,2,574,1,17,3,3,2,1,2
88,1,1,1,1,38,2,1,4,5224,1,2,2,1444,0,11,3,3,1,4,2
71,1,1,1,26,55,9,1,4,25811,3,0,1,189,4,18,3,3,2,3,2
59,1,2,3,2,31,0,0,1,17536,2,4,3,1276,1,11,3,3,2,4,0
77,0,3,0,15,39,8,2,4,25098,7,3,1,119,0,12,3,3,2,2,0
37,0,2,0,23,42,9,2,2,14811,6,2,4,335,1,12,3,3,0,4,2
40,0,2,1,10,31,7,1,3,26862,5,2,3,697,4,20,4,4,0,3,0
77,1,2,0,10,54,2,2,3,25198,4,3,4,157,6,19,3,3,2,3,0
45,0,2,0,1,24,3,2,2,14120,0,2,2,771,1,12,2,3,2,2,0
78,0,2,0,12,23,2,2,2,13672,2,6,3,571,1,13,4,3,2,4,0
73,0,2,1,11,40,9,1,3,26849,2,2,1,692,1,11,4,3,1,4,0
92,0,3,1,2,40,8,1,2,4258,7,4,3,444,3,14,3,3,2,2,1
82,0,1,0,2,25,0,1,3,19655,1,3,3,309,4,14,3,3,2,3,0
76,0,2,0,1,30,8,1,2,4077,2,6,3,911,1,13,2,3,2,4,1
57,1,2,1,2,25,2,0,1,7298,2,2,3,977,6,19,2,3,2,4,2
84,0,2,0,25,47,14,2,3,13084,0,3,2,1180,2,23,3,4,2,1,0
59,0,2,3,1,33,1,0,2,20439,2,2,3,1313,1,12,2,3,0,2,1
86,0,3,2,1,38,13,1,4,7636,7,3,1,1321,0,15,3,3,2,4,1
54,0,3,1,2,31,2,1,2,6393,8,1,3,1154,0,19,3,3,2,1,0
72,0,2,1,6,38,3,1,4,14284,4,1,4,508,2,11,3,3,1,1,1
35,1,2,1,18,42,3,0,4,11189,6,3,3,557,6,17,2,3,2,4,2
76,0,2,1,1,41,3,1,3,21412,6,3,1,642,3,22,3,4,2,4,1
98,0,2,2,1,47,8,1,1,17231,5,3,1,1162,0,18,1,3,0,3,1
43,1,2,1,11,35,2,1,4,20232,2,3,3,1490,7,11,3,3,2,4,2
63,0,2,0,1,22,2,2,2,17624,6,2,4,581,0,12,4,3,2,4,0
48,0,2,0,9,35,7,2,4,18698,6,5,2,1395,1,19,3,3,2,2,0
95,1,2,1,15,33,7,1,2,21653,0,6,1,501,0,13,3,3,2,2,0
49,0,2,0,29,32,2,2,4,15919,2,3,3,267,1,13,3,3,2,3,2
83,0,2,2,1,40,0,1,4,4060,2,3,3,543,8,19,2,3,2,1,1
68,0,3,1,1,32,2,1,4,18024,8,2,2,234,0,14,3,3,2,2,1
52,0,2,0,24,39,7,2,1,5340,6,2,1,116,7,13,3,3,2,1,2
99,0,2,1,10,38,16,1,3,3376,5,3,1,201,3,12,3,3,2,2,1
48,0,3,2,1,32,10,1,4,24032,7,3,3,801,1,19,3,3,2,3,0
42,1,2,1,10,37,11,1,3,15471,5,2,1,161,1,25,3,4,2,3,2
85,1,3,1,8,25,3,0,2,13684,7,3,2,1382,0,22,2,4,2,1,2
40,0,3,2,29,52,8,0,4,19788,8,3,2,585,2,15,2,3,0,1,2
42,1,2,0,1,44,3,2,3,13422,6,2,3,1037,6,12,3,3,2,2,2
58,1,3,0,5,21,2,2,1,25479,8,6,4,501,1,11,3,3,2,3,2
87,0,2,0,9,39,0,2,3,15302,3,3,3,105,2,13,2,3,0,4,1
33,0,3,1,9,23,0,1,3,26956,8,3,1,638,1,19,2,3,1,4,0
94,0,3,2,3,36,7,1,3,12695,7,2,3,557,0,19,3,3,2,1,1
97,0,2,3,4,36,2,0,2,9192,4,3,2,688,7,13,3,3,1,4,1
57,0,2,1,1,56,12,0,4,26236,0,2,1,667,1,21,2,4,0,3,1
36,1,2,3,1,29,2,1,4,26124,6,3,2,1092,9,14,4,3,2,1,2
56,0,2,0,2,42,6,1,3,17312,3,2,1,300,5,11,2,3,2,1,0
72,0,2,1,7,56,9,1,2,3666,2,4,4,310,8,11,1,3,2,4,1
60,0,2,1,28,41,7,1,4,5640,4,3,3,582,0,23,3,4,2,1,2
95,0,3,2,28,34,7,1,3,8978,7,2,4,704,1,21,3,4,2,4,0
88,0,3,1,15,36,12,0,4,10436,7,4,1,301,1,24,2,4,0,4,0
57,0,3,1,3,41,4,0,3,12227,7,5,3,930,2,11,3,3,2,3,0
78,0,2,0,2,32,2,2,3,11288,6,4,4,529,1,14,3,3,2,4,1
31,1,1,0,26,35,0,2,4,16642,1,2,3,1146,1,16,3,3,2,3,2
100,0,3,1,10,38,7,1,2,5982,7,1,3,345,1,11,3,3,2,1,1
94,0,3,2,1,50,3,0,4,14255,7,3,4,878,7,12,3,3,1,2,1
100,0,3,1,11,36,3,1,4,14369,7,2,1,1120,4,13,2,3,2,2,1
50,0,3,0,20,45,3,2,3,23333,7,3,3,374,8,15,3,3,2,4,2
52,0,2,0,2,40,2,2,4,2725,6,2,4,1322,2,14,3,3,2,3,0
80,1,2,2,18,35,2,1,4,24594,0,2,4,1199,1,14,4,3,1,3,0
98,0,2,3,2,40,3,1,4,12549,6,2,2,1194,2,14,3,3,2,3,1
62,0,2,1,1,35,3,1,4,8952,6,5,4,287,1,12,3,3,2,3,1
46,1,2,1,13,29,3,1,2,23679,2,2,1,1378,4,13,3,3,2,4,2
73,0,2,0,28,29,4,2,4,8489,6,3,2,468,1,14,1,3,2,4,2
39,1,3,1,28,50,2,0,3,16586,7,3,2,410,4,13,3,3,2,4,2
60,0,3,1,24,39,9,1,1,8828,7,2,1,722,0,11,2,3,2,2,2
74,0,2,0,5,31,4,2,3,3787,4,2,2,325,0,19,3,3,0,2,1
30,0,3,0,5,26,2,2,3,21378,8,2,4,1167,0,18,3,3,2,4,2
41,0,2,1,23,36,2,1,2,12290,2,3,3,884,4,17,3,3,1,3,2
42,0,2,1,6,39,7,1,1,21457,0,5,1,613,4,15,3,3,2,4,0
87,1,2,1,4,27,2,1,3,5174,4,0,2,155,1,20,3,4,2,2,0
63,0,3,0,2,49,6,1,3,13243,7,3,4,1023,2,14,2,3,1,4,0
82,0,2,0,8,34,3,1,3,10228,2,3,1,628,2,12,4,3,2,2,1
